bin,p_mean,y_mean,count,fold,model,world
0,0.008311432294709382,0.006458966565349544,2632,1,Logistic_L2,WA_clean
1,0.09457053640503423,0.07792207792207792,77,1,Logistic_L2,WA_clean
2,0.16353351989557874,0.23529411764705882,34,1,Logistic_L2,WA_clean
3,0.223155207348302,0.29411764705882354,17,1,Logistic_L2,WA_clean
4,0.292507802376287,0.6666666666666666,12,1,Logistic_L2,WA_clean
5,0.3763681059877179,0.42857142857142855,7,1,Logistic_L2,WA_clean
6,0.4279007426395214,0.5555555555555556,9,1,Logistic_L2,WA_clean
7,0.4903759208239624,0.75,4,1,Logistic_L2,WA_clean
8,0.5617219695547492,0.3333333333333333,3,1,Logistic_L2,WA_clean
9,0.6357378934768646,0.6666666666666666,3,1,Logistic_L2,WA_clean
10,0.7041234984353593,1.0,2,1,Logistic_L2,WA_clean
11,0.7740025758623942,0.6666666666666666,3,1,Logistic_L2,WA_clean
12,0.8479505595921393,0.5,4,1,Logistic_L2,WA_clean
13,0.917292204148886,0.6666666666666666,3,1,Logistic_L2,WA_clean
14,0.9733410116593745,0.8571428571428571,7,1,Logistic_L2,WA_clean
0,0.010305004632535038,0.1071245515120451,1951,1,Logistic_L2,WI_prevalence_shift
1,0.09441355872424106,0.6554621848739496,119,1,Logistic_L2,WI_prevalence_shift
2,0.1646240230508706,0.8412698412698413,126,1,Logistic_L2,WI_prevalence_shift
3,0.2211449386161452,0.8717948717948718,78,1,Logistic_L2,WI_prevalence_shift
4,0.29337212256113965,0.9763779527559056,127,1,Logistic_L2,WI_prevalence_shift
5,0.36780971024857445,0.9245283018867925,53,1,Logistic_L2,WI_prevalence_shift
6,0.43208579119934015,0.9365079365079365,63,1,Logistic_L2,WI_prevalence_shift
7,0.4941274467616452,1.0,41,1,Logistic_L2,WI_prevalence_shift
8,0.5653420322046373,0.8947368421052632,19,1,Logistic_L2,WI_prevalence_shift
9,0.6333886030497328,1.0,29,1,Logistic_L2,WI_prevalence_shift
10,0.7088170613204132,1.0,37,1,Logistic_L2,WI_prevalence_shift
11,0.7733185858970704,0.9565217391304348,23,1,Logistic_L2,WI_prevalence_shift
12,0.8415404371637022,0.9259259259259259,27,1,Logistic_L2,WI_prevalence_shift
13,0.9206398508748166,0.9666666666666667,30,1,Logistic_L2,WI_prevalence_shift
14,0.980203197807617,0.9893617021276596,94,1,Logistic_L2,WI_prevalence_shift
0,0.008911806088513686,0.0049884881043745204,2606,1,RandomForest,WA_clean
1,0.09174778761061948,0.13274336283185842,113,1,RandomForest,WA_clean
2,0.16653703703703704,0.35555555555555557,45,1,RandomForest,WA_clean
3,0.23046296296296298,0.3333333333333333,18,1,RandomForest,WA_clean
4,0.3018888888888889,0.5333333333333333,15,1,RandomForest,WA_clean
5,0.34847222222222224,0.6666666666666666,6,1,RandomForest,WA_clean
6,0.4165,0.4,5,1,RandomForest,WA_clean
7,0.4916666666666667,0.5,2,1,RandomForest,WA_clean
8,0.5516666666666667,1.0,2,1,RandomForest,WA_clean
10,0.68875,1.0,2,1,RandomForest,WA_clean
11,0.7545833333333334,1.0,2,1,RandomForest,WA_clean
12,0.8108333333333333,1.0,1,1,RandomForest,WA_clean
0,0.010821358878836262,0.08142629058009579,1879,1,RandomForest,WI_prevalence_shift
1,0.09591796875,0.765625,256,1,RandomForest,WI_prevalence_shift
2,0.1720170068027211,0.9020408163265307,245,1,RandomForest,WI_prevalence_shift
3,0.2439804964539007,0.8829787234042553,94,1,RandomForest,WI_prevalence_shift
4,0.29893361581920896,0.9661016949152542,118,1,RandomForest,WI_prevalence_shift
5,0.3508333333333333,0.9692307692307692,65,1,RandomForest,WI_prevalence_shift
6,0.4109848484848485,0.9090909090909091,33,1,RandomForest,WI_prevalence_shift
7,0.5091666666666668,0.9375,16,1,RandomForest,WI_prevalence_shift
8,0.55125,1.0,32,1,RandomForest,WI_prevalence_shift
10,0.6880128205128206,1.0,26,1,RandomForest,WI_prevalence_shift
11,0.7540404040404042,1.0,33,1,RandomForest,WI_prevalence_shift
12,0.8108333333333333,1.0,20,1,RandomForest,WI_prevalence_shift
0,0.008539694004054606,0.009476876421531463,2638,2,Logistic_L2,WA_clean
1,0.09251654756887202,0.11363636363636363,88,2,Logistic_L2,WA_clean
2,0.16524115567773728,0.23809523809523808,21,2,Logistic_L2,WA_clean
3,0.23006505148610826,0.16666666666666666,24,2,Logistic_L2,WA_clean
4,0.29929819040657424,0.3,10,2,Logistic_L2,WA_clean
5,0.3781572951077741,0.3333333333333333,6,2,Logistic_L2,WA_clean
6,0.42056622639787467,1.0,1,2,Logistic_L2,WA_clean
7,0.4968542476519655,1.0,3,2,Logistic_L2,WA_clean
8,0.5522136623491771,0.3333333333333333,3,2,Logistic_L2,WA_clean
9,0.6293255831566346,0.5,2,2,Logistic_L2,WA_clean
10,0.7024270696881102,0.0,1,2,Logistic_L2,WA_clean
11,0.7646528035836846,0.4,5,2,Logistic_L2,WA_clean
12,0.8427603986170789,1.0,2,2,Logistic_L2,WA_clean
13,0.8922464022719843,1.0,2,2,Logistic_L2,WA_clean
14,0.9774893978835071,1.0,10,2,Logistic_L2,WA_clean
0,0.011111138852801183,0.1646720919100048,2089,2,Logistic_L2,WI_prevalence_shift
1,0.08878553862903002,0.746268656716418,201,2,Logistic_L2,WI_prevalence_shift
2,0.16068809589763894,0.8395061728395061,81,2,Logistic_L2,WI_prevalence_shift
3,0.22142636490116333,0.8591549295774648,71,2,Logistic_L2,WI_prevalence_shift
4,0.3041980436146861,0.925,40,2,Logistic_L2,WI_prevalence_shift
5,0.37801508119483274,0.8888888888888888,36,2,Logistic_L2,WI_prevalence_shift
6,0.42056622639787467,1.0,17,2,Logistic_L2,WI_prevalence_shift
7,0.5008980359953832,1.0,41,2,Logistic_L2,WI_prevalence_shift
8,0.557666348489537,0.9285714285714286,14,2,Logistic_L2,WI_prevalence_shift
9,0.616714966445553,0.9090909090909091,11,2,Logistic_L2,WI_prevalence_shift
10,0.7024270696881102,0.0,1,2,Logistic_L2,WI_prevalence_shift
11,0.7747929580865787,0.9722222222222222,36,2,Logistic_L2,WI_prevalence_shift
12,0.8391123497889358,1.0,22,2,Logistic_L2,WI_prevalence_shift
13,0.8910223065107262,1.0,29,2,Logistic_L2,WI_prevalence_shift
14,0.9804531178132256,1.0,127,2,Logistic_L2,WI_prevalence_shift
0,0.008855209135232231,0.003849114703618168,2598,2,RandomForest,WA_clean
1,0.09237767584097858,0.1834862385321101,109,2,RandomForest,WA_clean
2,0.16102040816326532,0.2653061224489796,49,2,RandomForest,WA_clean
3,0.22854838709677414,0.41935483870967744,31,2,RandomForest,WA_clean
4,0.29363636363636364,0.09090909090909091,11,2,RandomForest,WA_clean
5,0.3656944444444445,0.5,6,2,RandomForest,WA_clean
6,0.4575,1.0,2,2,RandomForest,WA_clean
7,0.4958333333333334,0.8,5,2,RandomForest,WA_clean
8,0.5533333333333333,1.0,1,2,RandomForest,WA_clean
9,0.655,1.0,1,2,RandomForest,WA_clean
10,0.7145833333333333,1.0,2,2,RandomForest,WA_clean
11,0.7725,1.0,1,2,RandomForest,WA_clean
0,0.011053685897435899,0.07425213675213675,1872,2,RandomForest,WI_prevalence_shift
1,0.10082854406130269,0.8362068965517241,348,2,RandomForest,WI_prevalence_shift
2,0.1676214405360134,0.8944723618090452,199,2,RandomForest,WI_prevalence_shift
3,0.22222069597069602,0.9560439560439561,182,2,RandomForest,WI_prevalence_shift
4,0.28572463768115947,0.6521739130434783,23,2,RandomForest,WI_prevalence_shift
5,0.37038759689922485,0.9302325581395349,43,2,RandomForest,WI_prevalence_shift
6,0.45669354838709675,1.0,31,2,RandomForest,WI_prevalence_shift
7,0.48878048780487804,1.0,41,2,RandomForest,WI_prevalence_shift
8,0.5533333333333332,1.0,19,2,RandomForest,WI_prevalence_shift
9,0.6549999999999998,1.0,22,2,RandomForest,WI_prevalence_shift
10,0.7161594202898551,1.0,23,2,RandomForest,WI_prevalence_shift
11,0.7725000000000001,1.0,13,2,RandomForest,WI_prevalence_shift
0,0.008222950436643617,0.00989345509893455,2628,3,Logistic_L2,WA_clean
1,0.0951087252995488,0.13253012048192772,83,3,Logistic_L2,WA_clean
2,0.16341448663502414,0.1891891891891892,37,3,Logistic_L2,WA_clean
3,0.22804653429017588,0.06666666666666667,15,3,Logistic_L2,WA_clean
4,0.3003561979363986,0.2857142857142857,14,3,Logistic_L2,WA_clean
5,0.3617291809236931,0.25,4,3,Logistic_L2,WA_clean
6,0.43352168245638856,0.5,10,3,Logistic_L2,WA_clean
7,0.4897946049596342,0.6666666666666666,3,3,Logistic_L2,WA_clean
8,0.5658356993490951,0.5,4,3,Logistic_L2,WA_clean
9,0.6132202197534949,0.0,1,3,Logistic_L2,WA_clean
10,0.6778180547721475,0.5,2,3,Logistic_L2,WA_clean
11,0.7811797306127081,1.0,1,3,Logistic_L2,WA_clean
12,0.8462566958093349,1.0,2,3,Logistic_L2,WA_clean
13,0.8934154938930655,0.6666666666666666,3,3,Logistic_L2,WA_clean
14,0.9856334369562629,0.6666666666666666,9,3,Logistic_L2,WA_clean
0,0.010814651319923298,0.17848643503093764,2101,3,Logistic_L2,WI_prevalence_shift
1,0.09416391082585542,0.71,200,3,Logistic_L2,WI_prevalence_shift
2,0.15720052644969995,0.8230088495575221,113,3,Logistic_L2,WI_prevalence_shift
3,0.2481571500505843,0.696969696969697,33,3,Logistic_L2,WI_prevalence_shift
4,0.29738649934783223,0.9016393442622951,61,3,Logistic_L2,WI_prevalence_shift
5,0.36095213655137715,0.8181818181818182,11,3,Logistic_L2,WI_prevalence_shift
6,0.42871894759650814,0.972972972972973,74,3,Logistic_L2,WI_prevalence_shift
7,0.49380014798899446,0.972972972972973,37,3,Logistic_L2,WI_prevalence_shift
8,0.5667346297448235,0.9285714285714286,28,3,Logistic_L2,WI_prevalence_shift
9,0.6132202197534949,0.0,1,3,Logistic_L2,WI_prevalence_shift
10,0.6784795942953695,0.9,10,3,Logistic_L2,WI_prevalence_shift
11,0.7811797306127081,1.0,8,3,Logistic_L2,WI_prevalence_shift
12,0.8466597489828086,1.0,29,3,Logistic_L2,WI_prevalence_shift
13,0.8816078317407853,1.0,33,3,Logistic_L2,WI_prevalence_shift
14,0.9940924069079025,0.987012987012987,77,3,Logistic_L2,WI_prevalence_shift
0,0.008573767334360554,0.005778120184899846,2596,3,RandomForest,WA_clean
1,0.09422176308539947,0.1322314049586777,121,3,RandomForest,WA_clean
2,0.15496666666666667,0.24,50,3,RandomForest,WA_clean
3,0.22949074074074075,0.5,18,3,RandomForest,WA_clean
4,0.29442307692307695,0.3076923076923077,13,3,RandomForest,WA_clean
5,0.366,0.6,5,3,RandomForest,WA_clean
6,0.42562500000000003,0.75,4,3,RandomForest,WA_clean
7,0.4977777777777778,1.0,3,3,RandomForest,WA_clean
8,0.545,1.0,2,3,RandomForest,WA_clean
10,0.7066666666666667,1.0,4,3,RandomForest,WA_clean
0,0.012123056994818653,0.11191709844559586,1930,3,RandomForest,WI_prevalence_shift
1,0.10275520833333333,0.753125,320,3,RandomForest,WI_prevalence_shift
2,0.15635174418604653,0.8662790697674418,172,3,RandomForest,WI_prevalence_shift
3,0.22501282051282054,0.9538461538461539,130,3,RandomForest,WI_prevalence_shift
4,0.2964880952380952,0.8928571428571429,56,3,RandomForest,WI_prevalence_shift
5,0.36997807017543866,0.9473684210526315,38,3,RandomForest,WI_prevalence_shift
6,0.42669999999999997,1.0,50,3,RandomForest,WI_prevalence_shift
7,0.5000189393939394,1.0,44,3,RandomForest,WI_prevalence_shift
8,0.5415625000000001,1.0,32,3,RandomForest,WI_prevalence_shift
10,0.7071212121212122,1.0,44,3,RandomForest,WI_prevalence_shift
0,0.008357096278291938,0.0072270825408900724,2629,4,Logistic_L2,WA_clean
1,0.08956652504336168,0.14285714285714285,98,4,Logistic_L2,WA_clean
2,0.1659364607522664,0.3333333333333333,33,4,Logistic_L2,WA_clean
3,0.2353962107048643,0.09090909090909091,11,4,Logistic_L2,WA_clean
4,0.2893130078150263,0.2857142857142857,7,4,Logistic_L2,WA_clean
5,0.37891946508344126,0.16666666666666666,6,4,Logistic_L2,WA_clean
6,0.41201253643270364,0.5,2,4,Logistic_L2,WA_clean
8,0.5657579159182918,0.7142857142857143,7,4,Logistic_L2,WA_clean
9,0.6356522074717841,0.6666666666666666,6,4,Logistic_L2,WA_clean
10,0.6845712572998968,0.0,2,4,Logistic_L2,WA_clean
11,0.7707631865006735,1.0,4,4,Logistic_L2,WA_clean
12,0.8418993264014049,1.0,3,4,Logistic_L2,WA_clean
13,0.8898413066623212,0.0,1,4,Logistic_L2,WA_clean
14,0.9762478362684194,1.0,7,4,Logistic_L2,WA_clean
0,0.010221815730727656,0.12898406374501992,2008,4,Logistic_L2,WI_prevalence_shift
1,0.09837095731364108,0.8038461538461539,260,4,Logistic_L2,WI_prevalence_shift
2,0.17396529004042102,0.9302325581395349,172,4,Logistic_L2,WI_prevalence_shift
3,0.23760109147491737,0.6470588235294118,17,4,Logistic_L2,WI_prevalence_shift
4,0.2937286436922558,0.9210526315789473,38,4,Logistic_L2,WI_prevalence_shift
5,0.3760928042155415,0.8235294117647058,17,4,Logistic_L2,WI_prevalence_shift
6,0.4020938721480566,0.9333333333333333,15,4,Logistic_L2,WI_prevalence_shift
8,0.5619193306958956,0.9682539682539683,63,4,Logistic_L2,WI_prevalence_shift
9,0.635852279710754,0.9807692307692307,52,4,Logistic_L2,WI_prevalence_shift
10,0.6833796171395884,0.0,1,4,Logistic_L2,WI_prevalence_shift
11,0.7695286909700642,1.0,43,4,Logistic_L2,WI_prevalence_shift
12,0.8369048491465245,1.0,34,4,Logistic_L2,WI_prevalence_shift
13,0.8898413066623212,0.0,1,4,Logistic_L2,WI_prevalence_shift
14,0.9752647710885702,1.0,95,4,Logistic_L2,WI_prevalence_shift
0,0.008401248873438908,0.006179992275009656,2589,4,RandomForest,WA_clean
1,0.09347328244274809,0.09923664122137404,131,4,RandomForest,WA_clean
2,0.16277173913043477,0.21739130434782608,46,4,RandomForest,WA_clean
3,0.2277777777777778,0.3333333333333333,21,4,RandomForest,WA_clean
4,0.2972435897435898,0.8461538461538461,13,4,RandomForest,WA_clean
5,0.3570833333333333,0.75,4,4,RandomForest,WA_clean
6,0.4397916666666667,1.0,4,4,RandomForest,WA_clean
7,0.496388888888889,1.0,6,4,RandomForest,WA_clean
8,0.5458333333333333,1.0,1,4,RandomForest,WA_clean
9,0.6583333333333333,1.0,1,4,RandomForest,WA_clean
0,0.011306895961670088,0.11498973305954825,1948,4,RandomForest,WI_prevalence_shift
1,0.09797572178477693,0.7125984251968503,254,4,RandomForest,WI_prevalence_shift
2,0.16846385542168674,0.8734939759036144,166,4,RandomForest,WI_prevalence_shift
3,0.21801747311827957,0.9193548387096774,124,4,RandomForest,WI_prevalence_shift
4,0.29645669291338583,0.9921259842519685,127,4,RandomForest,WI_prevalence_shift
5,0.3579924242424243,0.9772727272727273,44,4,RandomForest,WI_prevalence_shift
6,0.4395352564102563,1.0,52,4,RandomForest,WI_prevalence_shift
7,0.4954573170731707,1.0,82,4,RandomForest,WI_prevalence_shift
8,0.5458333333333333,1.0,7,4,RandomForest,WI_prevalence_shift
9,0.6583333333333333,1.0,12,4,RandomForest,WI_prevalence_shift
0,0.008814924738276275,0.009244992295839754,2596,5,Logistic_L2,WA_clean
1,0.0954810171946547,0.0989010989010989,91,5,Logistic_L2,WA_clean
2,0.15799293333339848,0.05263157894736842,38,5,Logistic_L2,WA_clean
3,0.22786254344974594,0.0,19,5,Logistic_L2,WA_clean
4,0.3011267309324918,0.2777777777777778,18,5,Logistic_L2,WA_clean
5,0.3656730642827419,0.1111111111111111,9,5,Logistic_L2,WA_clean
6,0.42639305923877424,0.45454545454545453,11,5,Logistic_L2,WA_clean
7,0.5079632537619835,0.5,2,5,Logistic_L2,WA_clean
8,0.5736920695237181,0.6666666666666666,3,5,Logistic_L2,WA_clean
9,0.6273044800736106,0.6666666666666666,3,5,Logistic_L2,WA_clean
10,0.7078552235279477,0.8333333333333334,6,5,Logistic_L2,WA_clean
11,0.7652674749772368,0.6666666666666666,3,5,Logistic_L2,WA_clean
13,0.8970504311639343,1.0,7,5,Logistic_L2,WA_clean
14,0.9736869863378914,0.7,10,5,Logistic_L2,WA_clean
0,0.01063779451568529,0.1643835616438356,2044,5,Logistic_L2,WI_prevalence_shift
1,0.09458850227791386,0.6878612716763006,173,5,Logistic_L2,WI_prevalence_shift
2,0.15677976131389512,0.3617021276595745,47,5,Logistic_L2,WI_prevalence_shift
3,0.22760415569734668,0.0,14,5,Logistic_L2,WI_prevalence_shift
4,0.2944223625491825,0.8955223880597015,67,5,Logistic_L2,WI_prevalence_shift
5,0.35977619300951547,0.782608695652174,23,5,Logistic_L2,WI_prevalence_shift
6,0.42757631123632206,0.9230769230769231,78,5,Logistic_L2,WI_prevalence_shift
7,0.5237945865188611,0.9,10,5,Logistic_L2,WI_prevalence_shift
8,0.563200489752272,1.0,25,5,Logistic_L2,WI_prevalence_shift
9,0.6182420504991458,0.9629629629629629,27,5,Logistic_L2,WI_prevalence_shift
10,0.714020730784382,0.9868421052631579,76,5,Logistic_L2,WI_prevalence_shift
11,0.7657464907841038,0.967741935483871,31,5,Logistic_L2,WI_prevalence_shift
13,0.895108365099262,1.0,108,5,Logistic_L2,WI_prevalence_shift
14,0.9807763417817011,0.978494623655914,93,5,Logistic_L2,WI_prevalence_shift
0,0.00872827649287861,0.006272050176401411,2551,5,RandomForest,WA_clean
1,0.09225877192982457,0.07894736842105263,152,5,RandomForest,WA_clean
2,0.16160714285714287,0.17857142857142858,56,5,RandomForest,WA_clean
3,0.22147727272727266,0.4090909090909091,22,5,RandomForest,WA_clean
4,0.29880208333333336,0.5625,16,5,RandomForest,WA_clean
5,0.3673611111111111,0.6666666666666666,6,5,RandomForest,WA_clean
6,0.441875,0.75,4,5,RandomForest,WA_clean
7,0.5055555555555555,1.0,6,5,RandomForest,WA_clean
9,0.6366666666666667,1.0,1,5,RandomForest,WA_clean
10,0.6916666666666667,1.0,1,5,RandomForest,WA_clean
11,0.7975,1.0,1,5,RandomForest,WA_clean
0,0.011631233595800525,0.11286089238845144,1905,5,RandomForest,WI_prevalence_shift
1,0.09421455938697319,0.6283524904214559,261,5,RandomForest,WI_prevalence_shift
2,0.16534679089026916,0.8509316770186336,161,5,RandomForest,WI_prevalence_shift
3,0.22165432098765434,0.9259259259259259,135,5,RandomForest,WI_prevalence_shift
4,0.3001079136690647,0.9568345323741008,139,5,RandomForest,WI_prevalence_shift
5,0.36799019607843136,0.9607843137254902,51,5,RandomForest,WI_prevalence_shift
6,0.44208333333333333,0.9761904761904762,42,5,RandomForest,WI_prevalence_shift
7,0.502621951219512,1.0,82,5,RandomForest,WI_prevalence_shift
9,0.6366666666666667,1.0,12,5,RandomForest,WI_prevalence_shift
10,0.6916666666666665,1.0,13,5,RandomForest,WI_prevalence_shift
11,0.7974999999999999,1.0,15,5,RandomForest,WI_prevalence_shift
0,0.008143850548266768,0.008409785932721712,2616,6,Logistic_L2,WA_clean
1,0.09202178088620812,0.07766990291262135,103,6,Logistic_L2,WA_clean
2,0.16180567549719657,0.27586206896551724,29,6,Logistic_L2,WA_clean
3,0.22883373445149352,0.4,20,6,Logistic_L2,WA_clean
4,0.31189410426526815,0.5,8,6,Logistic_L2,WA_clean
5,0.36314143529199217,0.3,10,6,Logistic_L2,WA_clean
6,0.41016011211444564,0.0,1,6,Logistic_L2,WA_clean
7,0.49524332994835724,1.0,3,6,Logistic_L2,WA_clean
8,0.580630047079875,0.16666666666666666,6,6,Logistic_L2,WA_clean
9,0.6470906357452342,0.5,4,6,Logistic_L2,WA_clean
10,0.7148069837466363,0.5,2,6,Logistic_L2,WA_clean
12,0.8645425603844816,0.0,1,6,Logistic_L2,WA_clean
13,0.8982236005444846,1.0,2,6,Logistic_L2,WA_clean
14,0.9783788326857982,0.8333333333333334,12,6,Logistic_L2,WA_clean
0,0.010999256333006606,0.14073339940535184,2018,6,Logistic_L2,WI_prevalence_shift
1,0.09626253637030216,0.6402439024390244,164,6,Logistic_L2,WI_prevalence_shift
2,0.16612803810291962,0.891156462585034,147,6,Logistic_L2,WI_prevalence_shift
3,0.23257803087717763,0.9411764705882353,119,6,Logistic_L2,WI_prevalence_shift
4,0.31312400545156216,0.9615384615384616,52,6,Logistic_L2,WI_prevalence_shift
5,0.35915198209359406,0.9047619047619048,42,6,Logistic_L2,WI_prevalence_shift
6,0.41016011211444564,0.0,1,6,Logistic_L2,WI_prevalence_shift
7,0.49334129686696965,1.0,45,6,Logistic_L2,WI_prevalence_shift
8,0.5793628825935295,0.6666666666666666,12,6,Logistic_L2,WI_prevalence_shift
9,0.6596247869703884,0.9666666666666667,30,6,Logistic_L2,WI_prevalence_shift
10,0.7134625886407305,0.9411764705882353,17,6,Logistic_L2,WI_prevalence_shift
13,0.8952348019013069,1.0,30,6,Logistic_L2,WI_prevalence_shift
14,0.9792171154305978,0.9857142857142858,140,6,Logistic_L2,WI_prevalence_shift
0,0.008657496473002436,0.00461716044632551,2599,6,RandomForest,WA_clean
1,0.09640384615384615,0.17692307692307693,130,6,RandomForest,WA_clean
2,0.16159090909090912,0.24242424242424243,33,6,RandomForest,WA_clean
3,0.2321875,0.4166666666666667,24,6,RandomForest,WA_clean
4,0.2881818181818182,0.45454545454545453,11,6,RandomForest,WA_clean
5,0.3614583333333333,0.5,8,6,RandomForest,WA_clean
6,0.42645833333333333,0.5,4,6,RandomForest,WA_clean
7,0.5133333333333334,1.0,4,6,RandomForest,WA_clean
8,0.55,1.0,1,6,RandomForest,WA_clean
10,0.7022222222222222,1.0,3,6,RandomForest,WA_clean
0,0.0109006734006734,0.07761828814460393,1881,6,RandomForest,WI_prevalence_shift
1,0.09924915397631133,0.8299492385786802,394,6,RandomForest,WI_prevalence_shift
2,0.16213709677419355,0.8790322580645161,124,6,RandomForest,WI_prevalence_shift
3,0.23346602972399152,0.9554140127388535,157,6,RandomForest,WI_prevalence_shift
4,0.2911547619047618,0.9428571428571428,70,6,RandomForest,WI_prevalence_shift
5,0.35574999999999996,0.98,50,6,RandomForest,WI_prevalence_shift
6,0.4340972222222222,0.9166666666666666,24,6,RandomForest,WI_prevalence_shift
7,0.514074074074074,1.0,63,6,RandomForest,WI_prevalence_shift
8,0.5499999999999999,1.0,13,6,RandomForest,WI_prevalence_shift
10,0.7033943089430895,1.0,41,6,RandomForest,WI_prevalence_shift
0,0.008410267838762218,0.007668711656441718,2608,7,Logistic_L2,WA_clean
1,0.09351651007064433,0.07766990291262135,103,7,Logistic_L2,WA_clean
2,0.16415542874636666,0.25,28,7,Logistic_L2,WA_clean
3,0.23534934508123484,0.2,15,7,Logistic_L2,WA_clean
4,0.30514506533786595,0.45454545454545453,11,7,Logistic_L2,WA_clean
5,0.372139318852875,0.14285714285714285,7,7,Logistic_L2,WA_clean
6,0.42643303179033626,0.14285714285714285,7,7,Logistic_L2,WA_clean
7,0.5207337347884606,0.75,4,7,Logistic_L2,WA_clean
8,0.5801750778272828,0.25,4,7,Logistic_L2,WA_clean
9,0.6458202020711454,0.5,2,7,Logistic_L2,WA_clean
10,0.7092368205109627,0.7142857142857143,7,7,Logistic_L2,WA_clean
11,0.7692928650600429,1.0,4,7,Logistic_L2,WA_clean
12,0.8423872172696064,0.5,4,7,Logistic_L2,WA_clean
13,0.9106981368702736,1.0,4,7,Logistic_L2,WA_clean
14,0.9753606635379167,0.75,8,7,Logistic_L2,WA_clean
0,0.010707251380825393,0.13677354709418837,1996,7,Logistic_L2,WI_prevalence_shift
1,0.09742281922150058,0.6298342541436464,181,7,Logistic_L2,WI_prevalence_shift
2,0.16776648836697466,0.8739495798319328,119,7,Logistic_L2,WI_prevalence_shift
3,0.23703559247868067,0.9074074074074074,54,7,Logistic_L2,WI_prevalence_shift
4,0.3013070774123539,0.9538461538461539,65,7,Logistic_L2,WI_prevalence_shift
5,0.39322712658793757,0.8518518518518519,27,7,Logistic_L2,WI_prevalence_shift
6,0.418039953553864,0.6875,16,7,Logistic_L2,WI_prevalence_shift
7,0.5225046420565757,0.9736842105263158,38,7,Logistic_L2,WI_prevalence_shift
8,0.5923430091291947,0.7692307692307693,13,7,Logistic_L2,WI_prevalence_shift
9,0.6354244246966124,0.9285714285714286,14,7,Logistic_L2,WI_prevalence_shift
10,0.7134033657644406,0.9866666666666667,75,7,Logistic_L2,WI_prevalence_shift
11,0.7679967763488611,1.0,56,7,Logistic_L2,WI_prevalence_shift
12,0.8365342408243472,1.0,31,7,Logistic_L2,WI_prevalence_shift
13,0.9108089396627098,1.0,52,7,Logistic_L2,WI_prevalence_shift
14,0.977881529801837,0.9746835443037974,79,7,Logistic_L2,WI_prevalence_shift
0,0.008398381877022654,0.005436893203883495,2575,7,RandomForest,WA_clean
1,0.09644736842105264,0.10526315789473684,133,7,RandomForest,WA_clean
2,0.1633843537414966,0.2653061224489796,49,7,RandomForest,WA_clean
3,0.22586956521739132,0.43478260869565216,23,7,RandomForest,WA_clean
4,0.29215277777777776,0.5,12,7,RandomForest,WA_clean
5,0.3601515151515151,0.2727272727272727,11,7,RandomForest,WA_clean
6,0.4310714285714286,0.7142857142857143,7,7,RandomForest,WA_clean
7,0.5122222222222222,1.0,3,7,RandomForest,WA_clean
10,0.7275,1.0,1,7,RandomForest,WA_clean
11,0.7691666666666667,1.0,2,7,RandomForest,WA_clean
0,0.010869199433227061,0.09883103081827843,1882,7,RandomForest,WI_prevalence_shift
1,0.0973015873015873,0.6813186813186813,273,7,RandomForest,WI_prevalence_shift
2,0.16619391025641023,0.8846153846153846,208,7,RandomForest,WI_prevalence_shift
3,0.22695887445887447,0.9285714285714286,154,7,RandomForest,WI_prevalence_shift
4,0.2881386292834891,0.9439252336448598,107,7,RandomForest,WI_prevalence_shift
5,0.36242690058479526,0.9122807017543859,57,7,RandomForest,WI_prevalence_shift
6,0.43494708994708997,0.9841269841269841,63,7,RandomForest,WI_prevalence_shift
7,0.5131837606837606,1.0,39,7,RandomForest,WI_prevalence_shift
10,0.7274999999999998,1.0,15,7,RandomForest,WI_prevalence_shift
11,0.771574074074074,1.0,18,7,RandomForest,WI_prevalence_shift
0,0.008619973631932419,0.008839354342813221,2602,8,Logistic_L2,WA_clean
1,0.09290818810318202,0.07547169811320754,106,8,Logistic_L2,WA_clean
2,0.15895437016211472,0.17073170731707318,41,8,Logistic_L2,WA_clean
3,0.2214367085504007,0.29411764705882354,17,8,Logistic_L2,WA_clean
4,0.304322342492206,0.16666666666666666,12,8,Logistic_L2,WA_clean
5,0.36525980561813076,0.6,5,8,Logistic_L2,WA_clean
6,0.419964661247076,0.3333333333333333,3,8,Logistic_L2,WA_clean
7,0.4922894238989765,1.0,4,8,Logistic_L2,WA_clean
8,0.5639053278524111,1.0,5,8,Logistic_L2,WA_clean
9,0.64899223169198,0.5,4,8,Logistic_L2,WA_clean
10,0.6899252792717544,0.0,2,8,Logistic_L2,WA_clean
11,0.7681810704740045,0.0,1,8,Logistic_L2,WA_clean
12,0.8452119650281592,0.8,5,8,Logistic_L2,WA_clean
13,0.8949510221078416,0.6666666666666666,3,8,Logistic_L2,WA_clean
14,0.9782228943068322,0.8333333333333334,6,8,Logistic_L2,WA_clean
0,0.011438589827007848,0.15320197044334977,2030,8,Logistic_L2,WI_prevalence_shift
1,0.09765630853719467,0.6176470588235294,170,8,Logistic_L2,WI_prevalence_shift
2,0.1557611841856843,0.7766990291262136,103,8,Logistic_L2,WI_prevalence_shift
3,0.21370724828351664,0.85,80,8,Logistic_L2,WI_prevalence_shift
4,0.31746194914491926,0.8787878787878788,33,8,Logistic_L2,WI_prevalence_shift
5,0.3685165515952759,0.9565217391304348,46,8,Logistic_L2,WI_prevalence_shift
6,0.4043023900161967,0.8947368421052632,19,8,Logistic_L2,WI_prevalence_shift
7,0.4923734604555473,1.0,60,8,Logistic_L2,WI_prevalence_shift
8,0.5654764949810452,1.0,70,8,Logistic_L2,WI_prevalence_shift
9,0.6491041534611085,0.9736842105263158,38,8,Logistic_L2,WI_prevalence_shift
11,0.7681810704740045,0.0,1,8,Logistic_L2,WI_prevalence_shift
12,0.8450354844676704,1.0,58,8,Logistic_L2,WI_prevalence_shift
13,0.9024418233308171,1.0,28,8,Logistic_L2,WI_prevalence_shift
14,0.9767636632846639,0.9875,80,8,Logistic_L2,WI_prevalence_shift
0,0.008632868036706735,0.004265219077161691,2579,8,RandomForest,WA_clean
1,0.09271892655367231,0.1271186440677966,118,8,RandomForest,WA_clean
2,0.15811111111111106,0.21666666666666667,60,8,RandomForest,WA_clean
3,0.22835858585858587,0.30303030303030304,33,8,RandomForest,WA_clean
4,0.30476190476190473,0.5714285714285714,7,8,RandomForest,WA_clean
5,0.3698809523809524,0.8571428571428571,7,8,RandomForest,WA_clean
6,0.426875,1.0,4,8,RandomForest,WA_clean
7,0.505625,1.0,4,8,RandomForest,WA_clean
8,0.5616666666666666,1.0,2,8,RandomForest,WA_clean
10,0.6808333333333333,1.0,1,8,RandomForest,WA_clean
12,0.8,1.0,1,8,RandomForest,WA_clean
0,0.010597008320056646,0.08921933085501858,1883,8,RandomForest,WI_prevalence_shift
1,0.09415441176470588,0.7610294117647058,272,8,RandomForest,WI_prevalence_shift
2,0.16271491228070176,0.8473684210526315,190,8,RandomForest,WI_prevalence_shift
3,0.23303952991452995,0.8910256410256411,156,8,RandomForest,WI_prevalence_shift
4,0.309775641025641,0.9423076923076923,52,8,RandomForest,WI_prevalence_shift
5,0.3740635738831616,0.9896907216494846,97,8,RandomForest,WI_prevalence_shift
6,0.42795,1.0,50,8,RandomForest,WI_prevalence_shift
7,0.5060694444444445,1.0,60,8,RandomForest,WI_prevalence_shift
8,0.5601190476190476,1.0,28,8,RandomForest,WI_prevalence_shift
10,0.6808333333333334,1.0,13,8,RandomForest,WI_prevalence_shift
12,0.8000000000000003,1.0,15,8,RandomForest,WI_prevalence_shift
0,0.008218608216317945,0.011001517450682853,2636,9,Logistic_L2,WA_clean
1,0.09296394250689984,0.08641975308641975,81,9,Logistic_L2,WA_clean
2,0.1632216886470706,0.25806451612903225,31,9,Logistic_L2,WA_clean
3,0.22768145948515342,0.047619047619047616,21,9,Logistic_L2,WA_clean
4,0.2994541763781583,0.0,10,9,Logistic_L2,WA_clean
5,0.3656917846012402,0.625,8,9,Logistic_L2,WA_clean
6,0.42494461851041304,0.6666666666666666,3,9,Logistic_L2,WA_clean
7,0.48814761124301875,0.25,4,9,Logistic_L2,WA_clean
8,0.574461877028418,1.0,2,9,Logistic_L2,WA_clean
9,0.6224267619721415,1.0,2,9,Logistic_L2,WA_clean
10,0.6789167591781768,1.0,2,9,Logistic_L2,WA_clean
11,0.76627596575968,1.0,2,9,Logistic_L2,WA_clean
12,0.8258007811923662,1.0,2,9,Logistic_L2,WA_clean
13,0.8833928877641763,1.0,4,9,Logistic_L2,WA_clean
14,0.9775112525383984,0.625,8,9,Logistic_L2,WA_clean
0,0.01004716830902082,0.17971698113207546,2120,9,Logistic_L2,WI_prevalence_shift
1,0.0856105514556573,0.7232704402515723,159,9,Logistic_L2,WI_prevalence_shift
2,0.16708284657407024,0.8412698412698413,126,9,Logistic_L2,WI_prevalence_shift
3,0.21988027134873928,0.4782608695652174,23,9,Logistic_L2,WI_prevalence_shift
4,0.2995910967453333,0.0,8,9,Logistic_L2,WI_prevalence_shift
5,0.36433651205160356,0.9666666666666667,60,9,Logistic_L2,WI_prevalence_shift
6,0.42485728649856186,0.9736842105263158,38,9,Logistic_L2,WI_prevalence_shift
7,0.4910100386438673,0.9,20,9,Logistic_L2,WI_prevalence_shift
8,0.5764736937706881,1.0,29,9,Logistic_L2,WI_prevalence_shift
9,0.6228992081943607,1.0,27,9,Logistic_L2,WI_prevalence_shift
10,0.6787790808014023,1.0,32,9,Logistic_L2,WI_prevalence_shift
11,0.76627596575968,1.0,32,9,Logistic_L2,WI_prevalence_shift
12,0.8261066880433001,1.0,30,9,Logistic_L2,WI_prevalence_shift
13,0.8862165978823995,1.0,55,9,Logistic_L2,WI_prevalence_shift
14,0.9907333899161402,0.9649122807017544,57,9,Logistic_L2,WI_prevalence_shift
0,0.008887279515900605,0.006952491309385863,2589,9,RandomForest,WA_clean
1,0.09088709677419356,0.08870967741935484,124,9,RandomForest,WA_clean
2,0.16227124183006536,0.27450980392156865,51,9,RandomForest,WA_clean
3,0.2263095238095238,0.3333333333333333,21,9,RandomForest,WA_clean
4,0.2964583333333333,0.3333333333333333,12,9,RandomForest,WA_clean
5,0.3590277777777778,0.8333333333333334,6,9,RandomForest,WA_clean
6,0.42937500000000006,1.0,4,9,RandomForest,WA_clean
7,0.49833333333333335,1.0,1,9,RandomForest,WA_clean
9,0.6427083333333333,1.0,4,9,RandomForest,WA_clean
10,0.6980555555555555,1.0,3,9,RandomForest,WA_clean
12,0.8058333333333333,1.0,1,9,RandomForest,WA_clean
0,0.01318278201865988,0.1256997455470738,1965,9,RandomForest,WI_prevalence_shift
1,0.09584039548022599,0.6652542372881356,236,9,RandomForest,WI_prevalence_shift
2,0.16726600985221673,0.9064039408866995,203,9,RandomForest,WI_prevalence_shift
3,0.2282311320754717,0.9150943396226415,106,9,RandomForest,WI_prevalence_shift
4,0.30882440476190476,0.9107142857142857,56,9,RandomForest,WI_prevalence_shift
5,0.35259868421052626,1.0,76,9,RandomForest,WI_prevalence_shift
6,0.4305246913580247,1.0,54,9,RandomForest,WI_prevalence_shift
7,0.49833333333333335,1.0,6,9,RandomForest,WI_prevalence_shift
9,0.639590395480226,1.0,59,9,RandomForest,WI_prevalence_shift
10,0.6938565891472868,1.0,43,9,RandomForest,WI_prevalence_shift
12,0.8058333333333335,1.0,12,9,RandomForest,WI_prevalence_shift
0,0.008281910789708153,0.007984790874524715,2630,10,Logistic_L2,WA_clean
1,0.09164540528593425,0.1506849315068493,73,10,Logistic_L2,WA_clean
2,0.16748340529361375,0.2,30,10,Logistic_L2,WA_clean
3,0.23025635310468417,0.14285714285714285,21,10,Logistic_L2,WA_clean
4,0.29746126083669033,0.23076923076923078,13,10,Logistic_L2,WA_clean
5,0.35359121073462485,0.5,12,10,Logistic_L2,WA_clean
6,0.4421312880228936,0.0,2,10,Logistic_L2,WA_clean
7,0.4926357725278961,0.0,5,10,Logistic_L2,WA_clean
8,0.5420777047599057,0.0,1,10,Logistic_L2,WA_clean
9,0.6406050656775745,0.4,5,10,Logistic_L2,WA_clean
10,0.695164066519454,1.0,3,10,Logistic_L2,WA_clean
11,0.7652932322009297,0.0,1,10,Logistic_L2,WA_clean
12,0.8375580799460444,0.8333333333333334,6,10,Logistic_L2,WA_clean
13,0.8988325233481332,0.7142857142857143,7,10,Logistic_L2,WA_clean
14,0.9786088385591627,1.0,7,10,Logistic_L2,WA_clean
0,0.010556577220488897,0.14081733136386015,2031,10,Logistic_L2,WI_prevalence_shift
1,0.08528321278531738,0.8031088082901554,193,10,Logistic_L2,WI_prevalence_shift
2,0.16225541496348217,0.8598130841121495,107,10,Logistic_L2,WI_prevalence_shift
3,0.2321347435618094,0.8070175438596491,57,10,Logistic_L2,WI_prevalence_shift
4,0.2874728452505018,0.8913043478260869,46,10,Logistic_L2,WI_prevalence_shift
5,0.36172083436070285,0.925,80,10,Logistic_L2,WI_prevalence_shift
6,0.45927230343781006,0.0,1,10,Logistic_L2,WI_prevalence_shift
7,0.4926357725278961,0.0,5,10,Logistic_L2,WI_prevalence_shift
8,0.5420777047599057,0.0,1,10,Logistic_L2,WI_prevalence_shift
9,0.658190361259617,0.9565217391304348,23,10,Logistic_L2,WI_prevalence_shift
10,0.6931655902829835,1.0,44,10,Logistic_L2,WI_prevalence_shift
11,0.7652932322009297,0.0,1,10,Logistic_L2,WI_prevalence_shift
12,0.8364581764492031,1.0,79,10,Logistic_L2,WI_prevalence_shift
13,0.9025032422473,0.9846153846153847,65,10,Logistic_L2,WI_prevalence_shift
14,0.9772227649698471,1.0,83,10,Logistic_L2,WI_prevalence_shift
0,0.008622796860928856,0.005017367811655731,2591,10,RandomForest,WA_clean
1,0.09356182795698927,0.12903225806451613,124,10,RandomForest,WA_clean
2,0.1575709219858156,0.2978723404255319,47,10,RandomForest,WA_clean
3,0.2318115942028985,0.43478260869565216,23,10,RandomForest,WA_clean
4,0.2930357142857143,0.35714285714285715,14,10,RandomForest,WA_clean
5,0.3620833333333333,0.8333333333333334,6,10,RandomForest,WA_clean
6,0.4244444444444444,0.6666666666666666,3,10,RandomForest,WA_clean
7,0.48541666666666666,1.0,2,10,RandomForest,WA_clean
8,0.5516666666666665,0.8,5,10,RandomForest,WA_clean
9,0.6191666666666666,1.0,1,10,RandomForest,WA_clean
0,0.011359257313014539,0.09143457698370994,1903,10,RandomForest,WI_prevalence_shift
1,0.10085964912280701,0.7578947368421053,285,10,RandomForest,WI_prevalence_shift
2,0.16036278735632184,0.9310344827586207,232,10,RandomForest,WI_prevalence_shift
3,0.2218066157760814,0.9389312977099237,131,10,RandomForest,WI_prevalence_shift
4,0.2923472222222223,0.9,60,10,RandomForest,WI_prevalence_shift
5,0.3663377192982456,1.0,76,10,RandomForest,WI_prevalence_shift
6,0.4136666666666667,0.975,40,10,RandomForest,WI_prevalence_shift
7,0.48765625,1.0,32,10,RandomForest,WI_prevalence_shift
8,0.5548333333333334,0.9777777777777777,45,10,RandomForest,WI_prevalence_shift
9,0.6191666666666666,1.0,12,10,RandomForest,WI_prevalence_shift
0,0.008980702569775319,0.004982752012265236,2609,11,Logistic_L2,WA_clean
1,0.0944268848679665,0.1368421052631579,95,11,Logistic_L2,WA_clean
2,0.159028662980676,0.0967741935483871,31,11,Logistic_L2,WA_clean
3,0.22879005320021636,0.22727272727272727,22,11,Logistic_L2,WA_clean
4,0.30235274464877043,0.25,12,11,Logistic_L2,WA_clean
5,0.3736063963540628,0.6666666666666666,3,11,Logistic_L2,WA_clean
6,0.4266499413937469,0.42857142857142855,7,11,Logistic_L2,WA_clean
7,0.5016174351086881,0.0,3,11,Logistic_L2,WA_clean
8,0.5674550563216234,0.6,10,11,Logistic_L2,WA_clean
9,0.6185596715355898,0.0,1,11,Logistic_L2,WA_clean
10,0.7206542790256149,1.0,1,11,Logistic_L2,WA_clean
11,0.7654703353736076,1.0,3,11,Logistic_L2,WA_clean
12,0.8264850265559389,1.0,4,11,Logistic_L2,WA_clean
13,0.9107351171604867,1.0,5,11,Logistic_L2,WA_clean
14,0.9839211538382995,1.0,11,11,Logistic_L2,WA_clean
0,0.010605085441240978,0.08417151932239281,1889,11,Logistic_L2,WI_prevalence_shift
1,0.09836588360263432,0.7941176470588235,272,11,Logistic_L2,WI_prevalence_shift
2,0.15442547122537725,0.660377358490566,53,11,Logistic_L2,WI_prevalence_shift
3,0.21860981869091348,0.8875,80,11,Logistic_L2,WI_prevalence_shift
4,0.31386545940205984,0.8181818181818182,44,11,Logistic_L2,WI_prevalence_shift
5,0.38213331280351964,0.9705882352941176,34,11,Logistic_L2,WI_prevalence_shift
6,0.42145076132317044,0.9117647058823529,34,11,Logistic_L2,WI_prevalence_shift
7,0.4842177782120361,0.0,1,11,Logistic_L2,WI_prevalence_shift
8,0.5648594601046403,0.9555555555555556,90,11,Logistic_L2,WI_prevalence_shift
9,0.6185596715355898,0.0,1,11,Logistic_L2,WI_prevalence_shift
10,0.7206542790256149,1.0,18,11,Logistic_L2,WI_prevalence_shift
11,0.7629705500880176,1.0,38,11,Logistic_L2,WI_prevalence_shift
12,0.8286957440620932,1.0,72,11,Logistic_L2,WI_prevalence_shift
13,0.9091871233793648,1.0,41,11,Logistic_L2,WI_prevalence_shift
14,0.9836706163773453,1.0,150,11,Logistic_L2,WI_prevalence_shift
0,0.008610895696006204,0.0031019775106630476,2579,11,RandomForest,WA_clean
1,0.09323691460055097,0.1322314049586777,121,11,RandomForest,WA_clean
2,0.16484693877551018,0.20408163265306123,49,11,RandomForest,WA_clean
3,0.22583333333333336,0.4,25,11,RandomForest,WA_clean
4,0.3043181818181818,0.45454545454545453,22,11,RandomForest,WA_clean
5,0.3603125,0.625,8,11,RandomForest,WA_clean
6,0.435625,1.0,4,11,RandomForest,WA_clean
7,0.5014583333333333,1.0,4,11,RandomForest,WA_clean
8,0.5836111111111112,1.0,3,11,RandomForest,WA_clean
9,0.6566666666666666,1.0,1,11,RandomForest,WA_clean
11,0.7658333333333334,1.0,1,11,RandomForest,WA_clean
0,0.010410946366465314,0.06205381658429435,1821,11,RandomForest,WI_prevalence_shift
1,0.09591983852364475,0.7508650519031141,289,11,RandomForest,WI_prevalence_shift
2,0.1720919540229885,0.8137931034482758,145,11,RandomForest,WI_prevalence_shift
3,0.23140202702702703,0.9121621621621622,148,11,RandomForest,WI_prevalence_shift
4,0.30824858757062146,0.9491525423728814,177,11,RandomForest,WI_prevalence_shift
5,0.36208333333333337,0.972972972972973,74,11,RandomForest,WI_prevalence_shift
6,0.43554012345679005,1.0,54,11,RandomForest,WI_prevalence_shift
7,0.5009134615384615,1.0,52,11,RandomForest,WI_prevalence_shift
8,0.5891666666666666,1.0,34,11,RandomForest,WI_prevalence_shift
9,0.6566666666666665,1.0,10,11,RandomForest,WI_prevalence_shift
11,0.7658333333333333,1.0,13,11,RandomForest,WI_prevalence_shift
0,0.007991503865957322,0.010309278350515464,2619,12,Logistic_L2,WA_clean
1,0.09448492470468935,0.09473684210526316,95,12,Logistic_L2,WA_clean
2,0.16571365274574534,0.23333333333333334,30,12,Logistic_L2,WA_clean
3,0.2359007866061165,0.16666666666666666,18,12,Logistic_L2,WA_clean
4,0.29545372017960647,0.3,10,12,Logistic_L2,WA_clean
5,0.36758838951349787,0.3333333333333333,6,12,Logistic_L2,WA_clean
6,0.42950698499158446,0.0,4,12,Logistic_L2,WA_clean
7,0.522470108492606,0.5,2,12,Logistic_L2,WA_clean
8,0.5505157500048241,1.0,2,12,Logistic_L2,WA_clean
9,0.633048340381422,0.5,4,12,Logistic_L2,WA_clean
10,0.7222861195650279,0.5,2,12,Logistic_L2,WA_clean
11,0.7630958022199856,0.0,2,12,Logistic_L2,WA_clean
12,0.8191826961355057,0.6666666666666666,6,12,Logistic_L2,WA_clean
13,0.9036377757973271,0.75,4,12,Logistic_L2,WA_clean
14,0.9858609875730077,0.5833333333333334,12,12,Logistic_L2,WA_clean
0,0.010763304512190444,0.1809976247030879,2105,12,Logistic_L2,WI_prevalence_shift
1,0.0950007288091712,0.6939890710382514,183,12,Logistic_L2,WI_prevalence_shift
2,0.16155359857088025,0.8301886792452831,106,12,Logistic_L2,WI_prevalence_shift
3,0.23835010603023132,0.7758620689655172,58,12,Logistic_L2,WI_prevalence_shift
4,0.30413063605693363,0.8809523809523809,42,12,Logistic_L2,WI_prevalence_shift
5,0.36919190576129696,0.8461538461538461,26,12,Logistic_L2,WI_prevalence_shift
6,0.40682253240781746,0.0,1,12,Logistic_L2,WI_prevalence_shift
7,0.5295202503600576,1.0,15,12,Logistic_L2,WI_prevalence_shift
8,0.5505157500048241,1.0,30,12,Logistic_L2,WI_prevalence_shift
9,0.6245085296308421,0.9666666666666667,30,12,Logistic_L2,WI_prevalence_shift
10,0.715253945213815,0.9565217391304348,23,12,Logistic_L2,WI_prevalence_shift
11,0.7630958022199856,0.0,2,12,Logistic_L2,WI_prevalence_shift
12,0.8221110139366773,1.0,59,12,Logistic_L2,WI_prevalence_shift
13,0.9065631811587234,0.9767441860465116,43,12,Logistic_L2,WI_prevalence_shift
14,0.9815203030573535,0.956989247311828,93,12,Logistic_L2,WI_prevalence_shift
0,0.008958653353814645,0.006144393241167435,2604,12,RandomForest,WA_clean
1,0.09293333333333335,0.16,125,12,RandomForest,WA_clean
2,0.16445075757575756,0.3409090909090909,44,12,RandomForest,WA_clean
3,0.2331547619047619,0.21428571428571427,14,12,RandomForest,WA_clean
4,0.2920833333333333,0.3333333333333333,12,12,RandomForest,WA_clean
5,0.3633333333333333,0.5555555555555556,9,12,RandomForest,WA_clean
6,0.44583333333333336,1.0,1,12,RandomForest,WA_clean
7,0.5291666666666667,1.0,1,12,RandomForest,WA_clean
8,0.5447222222222222,1.0,3,12,RandomForest,WA_clean
9,0.6616666666666666,1.0,1,12,RandomForest,WA_clean
10,0.7083333333333334,1.0,2,12,RandomForest,WA_clean
0,0.012536047497879559,0.12010178117048347,1965,12,RandomForest,WI_prevalence_shift
1,0.10153201219512195,0.8109756097560976,328,12,RandomForest,WI_prevalence_shift
2,0.17094352617079892,0.9049586776859504,242,12,RandomForest,WI_prevalence_shift
3,0.22650297619047619,0.8392857142857143,56,12,RandomForest,WI_prevalence_shift
4,0.2956428571428571,0.9142857142857143,70,12,RandomForest,WI_prevalence_shift
5,0.36173177083333335,0.984375,64,12,RandomForest,WI_prevalence_shift
6,0.44583333333333336,1.0,9,12,RandomForest,WI_prevalence_shift
7,0.5291666666666667,1.0,12,12,RandomForest,WI_prevalence_shift
8,0.5441421568627451,1.0,34,12,RandomForest,WI_prevalence_shift
9,0.6616666666666666,1.0,9,12,RandomForest,WI_prevalence_shift
10,0.7088888888888889,1.0,27,12,RandomForest,WI_prevalence_shift
0,0.007653882910477662,0.00877527661198016,2621,13,Logistic_L2,WA_clean
1,0.0952774623389865,0.11235955056179775,89,13,Logistic_L2,WA_clean
2,0.16034739178943708,0.17391304347826086,23,13,Logistic_L2,WA_clean
3,0.23146684283332114,0.15,20,13,Logistic_L2,WA_clean
4,0.2916096723748877,0.15384615384615385,13,13,Logistic_L2,WA_clean
5,0.36804098227863874,0.45454545454545453,11,13,Logistic_L2,WA_clean
6,0.42227123187766846,0.5,4,13,Logistic_L2,WA_clean
7,0.48091020768051695,0.25,4,13,Logistic_L2,WA_clean
8,0.5492611628492368,0.6666666666666666,3,13,Logistic_L2,WA_clean
9,0.6542828866803861,1.0,2,13,Logistic_L2,WA_clean
10,0.7073906429670913,0.8,5,13,Logistic_L2,WA_clean
11,0.7435037241296713,0.6666666666666666,3,13,Logistic_L2,WA_clean
12,0.8405023882216258,1.0,3,13,Logistic_L2,WA_clean
13,0.8894550480681366,0.3333333333333333,6,13,Logistic_L2,WA_clean
14,0.979510805424296,0.6666666666666666,9,13,Logistic_L2,WA_clean
0,0.009829548804889126,0.1677169171110034,2063,13,Logistic_L2,WI_prevalence_shift
1,0.09428599829590655,0.6984924623115578,199,13,Logistic_L2,WI_prevalence_shift
2,0.15123483905279464,0.8028169014084507,71,13,Logistic_L2,WI_prevalence_shift
3,0.23486442263691099,0.7083333333333334,48,13,Logistic_L2,WI_prevalence_shift
4,0.27888624879497204,0.7647058823529411,34,13,Logistic_L2,WI_prevalence_shift
5,0.3720973900579708,0.9047619047619048,63,13,Logistic_L2,WI_prevalence_shift
6,0.4151031975744059,0.9259259259259259,27,13,Logistic_L2,WI_prevalence_shift
7,0.47963108283200917,0.75,8,13,Logistic_L2,WI_prevalence_shift
8,0.5445059984831245,0.9565217391304348,23,13,Logistic_L2,WI_prevalence_shift
9,0.6533478559983812,1.0,30,13,Logistic_L2,WI_prevalence_shift
10,0.7106465014776715,0.9811320754716981,53,13,Logistic_L2,WI_prevalence_shift
11,0.742601867716277,0.9666666666666667,30,13,Logistic_L2,WI_prevalence_shift
12,0.8398399177498828,1.0,40,13,Logistic_L2,WI_prevalence_shift
13,0.8857706562243188,0.9210526315789473,38,13,Logistic_L2,WI_prevalence_shift
14,0.9885406345029203,0.9887640449438202,89,13,Logistic_L2,WI_prevalence_shift
0,0.008247382706475377,0.005428460643660334,2579,13,RandomForest,WA_clean
1,0.09177910052910053,0.10317460317460317,126,13,RandomForest,WA_clean
2,0.1584349593495935,0.34146341463414637,41,13,RandomForest,WA_clean
3,0.22240740740740741,0.25925925925925924,27,13,RandomForest,WA_clean
4,0.2959848484848485,0.4090909090909091,22,13,RandomForest,WA_clean
5,0.3539583333333333,0.25,4,13,RandomForest,WA_clean
6,0.43726190476190485,0.7142857142857143,7,13,RandomForest,WA_clean
7,0.505,0.6666666666666666,6,13,RandomForest,WA_clean
8,0.5358333333333334,1.0,1,13,RandomForest,WA_clean
10,0.7216666666666667,1.0,1,13,RandomForest,WA_clean
11,0.74,1.0,1,13,RandomForest,WA_clean
12,0.8475,1.0,1,13,RandomForest,WA_clean
0,0.010666145561924613,0.11255862428348098,1919,13,RandomForest,WI_prevalence_shift
1,0.09107626076260762,0.7084870848708487,271,13,RandomForest,WI_prevalence_shift
2,0.16026869158878504,0.9018691588785047,214,13,RandomForest,WI_prevalence_shift
3,0.2380663430420712,0.8737864077669902,103,13,RandomForest,WI_prevalence_shift
4,0.29573412698412693,0.9047619047619048,126,13,RandomForest,WI_prevalence_shift
5,0.37083333333333346,1.0,15,13,RandomForest,WI_prevalence_shift
6,0.44447740112994355,0.9830508474576272,59,13,RandomForest,WI_prevalence_shift
7,0.4969607843137255,0.9803921568627451,51,13,RandomForest,WI_prevalence_shift
8,0.5358333333333333,1.0,19,13,RandomForest,WI_prevalence_shift
10,0.7216666666666669,1.0,15,13,RandomForest,WI_prevalence_shift
11,0.7400000000000001,1.0,13,13,RandomForest,WI_prevalence_shift
12,0.8475,1.0,11,13,RandomForest,WI_prevalence_shift
0,0.00923933766536381,0.008413001912045888,2615,14,Logistic_L2,WA_clean
1,0.0947980595806516,0.07216494845360824,97,14,Logistic_L2,WA_clean
2,0.16477662255937703,0.16129032258064516,31,14,Logistic_L2,WA_clean
3,0.23300127484463345,0.3333333333333333,18,14,Logistic_L2,WA_clean
4,0.2931710029287285,0.2727272727272727,11,14,Logistic_L2,WA_clean
5,0.36041948625836984,0.2857142857142857,7,14,Logistic_L2,WA_clean
6,0.43073230301914406,0.5,6,14,Logistic_L2,WA_clean
7,0.5026362537626117,0.5,8,14,Logistic_L2,WA_clean
8,0.5554157802526163,1.0,5,14,Logistic_L2,WA_clean
9,0.6359091133480939,0.6666666666666666,3,14,Logistic_L2,WA_clean
10,0.6709965531744775,1.0,2,14,Logistic_L2,WA_clean
11,0.7536238668925724,1.0,1,14,Logistic_L2,WA_clean
12,0.8196368953411817,1.0,5,14,Logistic_L2,WA_clean
13,0.9164356746096751,1.0,1,14,Logistic_L2,WA_clean
14,0.9798611829456525,0.6666666666666666,6,14,Logistic_L2,WA_clean
0,0.01175195017878487,0.15797172111165286,2051,14,Logistic_L2,WI_prevalence_shift
1,0.10486879154450068,0.5935483870967742,155,14,Logistic_L2,WI_prevalence_shift
2,0.17368041835277462,0.7628865979381443,97,14,Logistic_L2,WI_prevalence_shift
3,0.23542107962666625,0.92,75,14,Logistic_L2,WI_prevalence_shift
4,0.2990509734390049,0.9347826086956522,46,14,Logistic_L2,WI_prevalence_shift
5,0.3510902013390311,0.896551724137931,29,14,Logistic_L2,WI_prevalence_shift
6,0.42129178773274983,1.0,41,14,Logistic_L2,WI_prevalence_shift
7,0.49103230150632027,0.96,50,14,Logistic_L2,WI_prevalence_shift
8,0.5592842812265988,1.0,76,14,Logistic_L2,WI_prevalence_shift
9,0.6450349927481345,0.96,25,14,Logistic_L2,WI_prevalence_shift
10,0.6712368953953597,1.0,24,14,Logistic_L2,WI_prevalence_shift
11,0.7536238668925724,1.0,14,14,Logistic_L2,WI_prevalence_shift
12,0.8192098968418501,1.0,72,14,Logistic_L2,WI_prevalence_shift
13,0.916435674609675,1.0,11,14,Logistic_L2,WI_prevalence_shift
14,0.9887569151814118,0.96,50,14,Logistic_L2,WI_prevalence_shift
0,0.008694337194337196,0.0042471042471042475,2590,14,RandomForest,WA_clean
1,0.09273358585858586,0.11363636363636363,132,14,RandomForest,WA_clean
2,0.15952127659574467,0.3191489361702128,47,14,RandomForest,WA_clean
3,0.22309523809523807,0.5238095238095238,21,14,RandomForest,WA_clean
4,0.29875,0.5833333333333334,12,14,RandomForest,WA_clean
5,0.36895833333333333,1.0,4,14,RandomForest,WA_clean
6,0.4375,0.5,2,14,RandomForest,WA_clean
7,0.5061111111111112,1.0,3,14,RandomForest,WA_clean
8,0.5425,1.0,1,14,RandomForest,WA_clean
9,0.6495833333333334,1.0,2,14,RandomForest,WA_clean
10,0.6891666666666667,1.0,1,14,RandomForest,WA_clean
12,0.8016666666666666,1.0,1,14,RandomForest,WA_clean
0,0.010643072556324287,0.08355508249068654,1879,14,RandomForest,WI_prevalence_shift
1,0.09390139335476956,0.7588424437299035,311,14,RandomForest,WI_prevalence_shift
2,0.1594083694083694,0.9004329004329005,231,14,RandomForest,WI_prevalence_shift
3,0.2296025641025641,0.9538461538461539,130,14,RandomForest,WI_prevalence_shift
4,0.29731570512820515,0.9615384615384616,104,14,RandomForest,WI_prevalence_shift
5,0.3696527777777778,1.0,48,14,RandomForest,WI_prevalence_shift
6,0.4483333333333333,1.0,13,14,RandomForest,WI_prevalence_shift
7,0.5025225225225227,1.0,37,14,RandomForest,WI_prevalence_shift
8,0.5425000000000001,1.0,12,14,RandomForest,WI_prevalence_shift
9,0.6496130952380951,1.0,28,14,RandomForest,WI_prevalence_shift
10,0.6891666666666668,1.0,11,14,RandomForest,WI_prevalence_shift
12,0.8016666666666664,1.0,12,14,RandomForest,WI_prevalence_shift
0,0.007907187659933946,0.009523809523809525,2625,15,Logistic_L2,WA_clean
1,0.09094400943316917,0.11702127659574468,94,15,Logistic_L2,WA_clean
2,0.16130735881882513,0.1935483870967742,31,15,Logistic_L2,WA_clean
3,0.23074752153366254,0.3181818181818182,22,15,Logistic_L2,WA_clean
4,0.29391700294715634,0.4444444444444444,9,15,Logistic_L2,WA_clean
5,0.3712791270511624,0.0,6,15,Logistic_L2,WA_clean
6,0.44945703092451317,0.6666666666666666,3,15,Logistic_L2,WA_clean
7,0.4819847315975029,0.75,4,15,Logistic_L2,WA_clean
8,0.5599070904711756,0.5,2,15,Logistic_L2,WA_clean
9,0.6441527992835856,0.3333333333333333,3,15,Logistic_L2,WA_clean
10,0.6946947883830668,0.5,4,15,Logistic_L2,WA_clean
11,0.7997089653571519,1.0,1,15,Logistic_L2,WA_clean
12,0.8538565114062473,1.0,2,15,Logistic_L2,WA_clean
13,0.9085243646924642,0.6666666666666666,3,15,Logistic_L2,WA_clean
14,0.9662834183435819,0.7142857142857143,7,15,Logistic_L2,WA_clean
0,0.00984445658492632,0.17857142857142858,2100,15,Logistic_L2,WI_prevalence_shift
1,0.0997063649224766,0.6756756756756757,185,15,Logistic_L2,WI_prevalence_shift
2,0.16215471444006999,0.8426966292134831,89,15,Logistic_L2,WI_prevalence_shift
3,0.23259412297314985,0.8785046728971962,107,15,Logistic_L2,WI_prevalence_shift
4,0.293481271249823,0.9365079365079365,63,15,Logistic_L2,WI_prevalence_shift
5,0.37866462807784956,0.0,5,15,Logistic_L2,WI_prevalence_shift
6,0.44925215394451984,0.9696969696969697,33,15,Logistic_L2,WI_prevalence_shift
7,0.47916034723571965,0.975609756097561,41,15,Logistic_L2,WI_prevalence_shift
8,0.5447194746774647,0.875,8,15,Logistic_L2,WI_prevalence_shift
9,0.6362839157274378,0.8461538461538461,13,15,Logistic_L2,WI_prevalence_shift
10,0.6847901219960003,0.9259259259259259,27,15,Logistic_L2,WI_prevalence_shift
11,0.7997089653571516,1.0,13,15,Logistic_L2,WI_prevalence_shift
12,0.8527583461937689,1.0,21,15,Logistic_L2,WI_prevalence_shift
13,0.8979312377073116,0.9642857142857143,28,15,Logistic_L2,WI_prevalence_shift
14,0.9694149848241785,0.9879518072289156,83,15,Logistic_L2,WI_prevalence_shift
0,0.008828750322747223,0.006971340046475601,2582,15,RandomForest,WA_clean
1,0.09365546218487393,0.1092436974789916,119,15,RandomForest,WA_clean
2,0.1573358585858586,0.22727272727272727,66,15,RandomForest,WA_clean
3,0.23815217391304344,0.2608695652173913,23,15,RandomForest,WA_clean
4,0.299702380952381,0.6428571428571429,14,15,RandomForest,WA_clean
5,0.345,0.0,1,15,RandomForest,WA_clean
6,0.4475,1.0,4,15,RandomForest,WA_clean
7,0.475,1.0,2,15,RandomForest,WA_clean
8,0.5444444444444444,1.0,3,15,RandomForest,WA_clean
9,0.6241666666666666,1.0,1,15,RandomForest,WA_clean
10,0.7008333333333333,1.0,1,15,RandomForest,WA_clean
0,0.012649616368286445,0.12583120204603582,1955,15,RandomForest,WI_prevalence_shift
1,0.09797200520833334,0.73046875,256,15,RandomForest,WI_prevalence_shift
2,0.1640447957839262,0.857707509881423,253,15,RandomForest,WI_prevalence_shift
3,0.23993975903614456,0.8433734939759037,83,15,RandomForest,WI_prevalence_shift
4,0.30117937853107346,0.9830508474576272,118,15,RandomForest,WI_prevalence_shift
5,0.345,0.0,1,15,RandomForest,WI_prevalence_shift
6,0.4474038461538462,1.0,52,15,RandomForest,WI_prevalence_shift
7,0.47496376811594215,1.0,23,15,RandomForest,WI_prevalence_shift
8,0.5454814814814815,1.0,45,15,RandomForest,WI_prevalence_shift
9,0.6241666666666668,1.0,15,15,RandomForest,WI_prevalence_shift
10,0.7008333333333334,1.0,15,15,RandomForest,WI_prevalence_shift
