bin,p_mean,y_mean,count,fold,model,world
0,0.06209885227285698,1.0,1,1,Logistic_L2,WA_clean
1,0.09400741260189455,0.0,4,1,Logistic_L2,WA_clean
2,0.18959968239171493,0.5,2,1,Logistic_L2,WA_clean
3,0.23058389858124523,0.5,4,1,Logistic_L2,WA_clean
4,0.30260352007927754,0.5,6,1,Logistic_L2,WA_clean
5,0.3580255332982268,0.625,8,1,Logistic_L2,WA_clean
6,0.4334716403027563,0.0,4,1,Logistic_L2,WA_clean
7,0.4875960242642006,0.6,5,1,Logistic_L2,WA_clean
8,0.5607261869971639,0.5,4,1,Logistic_L2,WA_clean
9,0.6334110756790321,1.0,1,1,Logistic_L2,WA_clean
10,0.6953077874533249,0.3333333333333333,3,1,Logistic_L2,WA_clean
11,0.7653462741225603,0.5,6,1,Logistic_L2,WA_clean
12,0.8314178715046819,0.0,1,1,Logistic_L2,WA_clean
13,0.8982224931330512,1.0,2,1,Logistic_L2,WA_clean
0,0.06209885227285698,1.0,1,1,Logistic_L2,WI_prevalence_shift
1,0.08096624331355654,0.0,5,1,Logistic_L2,WI_prevalence_shift
2,0.18913922755955473,0.0,1,1,Logistic_L2,WI_prevalence_shift
3,0.22637301709224333,0.6666666666666666,3,1,Logistic_L2,WI_prevalence_shift
4,0.2966731587193155,0.3333333333333333,6,1,Logistic_L2,WI_prevalence_shift
5,0.3549938705624835,0.42857142857142855,7,1,Logistic_L2,WI_prevalence_shift
6,0.44112340031887576,0.0,6,1,Logistic_L2,WI_prevalence_shift
7,0.4875960242642006,0.6,5,1,Logistic_L2,WI_prevalence_shift
8,0.5668141856264398,0.5,4,1,Logistic_L2,WI_prevalence_shift
9,0.6334110756790321,1.0,1,1,Logistic_L2,WI_prevalence_shift
10,0.69337595625707,0.2,5,1,Logistic_L2,WI_prevalence_shift
11,0.7686350506139665,0.5,4,1,Logistic_L2,WI_prevalence_shift
12,0.8314178715046818,0.0,2,1,Logistic_L2,WI_prevalence_shift
13,0.9108887360492544,1.0,1,1,Logistic_L2,WI_prevalence_shift
3,0.221875,0.25,4,1,RandomForest,WA_clean
4,0.3130555555555556,0.16666666666666666,6,1,RandomForest,WA_clean
5,0.3743939393939394,0.36363636363636365,11,1,RandomForest,WA_clean
6,0.42388888888888887,0.2222222222222222,9,1,RandomForest,WA_clean
7,0.5023333333333334,0.7,10,1,RandomForest,WA_clean
8,0.5608333333333333,0.6666666666666666,3,1,RandomForest,WA_clean
9,0.6404166666666666,0.5,2,1,RandomForest,WA_clean
10,0.6910000000000001,1.0,5,1,RandomForest,WA_clean
11,0.7533333333333333,1.0,1,1,RandomForest,WA_clean
3,0.21791666666666665,0.16666666666666666,6,1,RandomForest,WI_prevalence_shift
4,0.3080555555555555,0.0,6,1,RandomForest,WI_prevalence_shift
5,0.3785897435897435,0.3076923076923077,13,1,RandomForest,WI_prevalence_shift
6,0.4214583333333334,0.125,8,1,RandomForest,WI_prevalence_shift
7,0.5044166666666667,0.6,10,1,RandomForest,WI_prevalence_shift
8,0.55125,0.5,2,1,RandomForest,WI_prevalence_shift
9,0.6404166666666666,0.5,2,1,RandomForest,WI_prevalence_shift
10,0.6852777777777778,1.0,3,1,RandomForest,WI_prevalence_shift
11,0.7533333333333333,1.0,1,1,RandomForest,WI_prevalence_shift
0,0.031152435636065373,0.0,5,2,Logistic_L2,WA_clean
1,0.09295914161979868,0.3333333333333333,3,2,Logistic_L2,WA_clean
2,0.17226592818191322,0.6666666666666666,6,2,Logistic_L2,WA_clean
3,0.2199870146808296,0.5,4,2,Logistic_L2,WA_clean
4,0.2940858690843144,0.6666666666666666,3,2,Logistic_L2,WA_clean
5,0.3540420069219501,0.3333333333333333,3,2,Logistic_L2,WA_clean
6,0.42536858154492885,1.0,3,2,Logistic_L2,WA_clean
7,0.4858754950935505,0.3333333333333333,3,2,Logistic_L2,WA_clean
8,0.5741084421236792,0.0,4,2,Logistic_L2,WA_clean
9,0.6302835177430264,0.6,5,2,Logistic_L2,WA_clean
10,0.7008061835843191,0.5,2,2,Logistic_L2,WA_clean
11,0.7582281586633077,0.75,4,2,Logistic_L2,WA_clean
12,0.8368032223866503,0.25,4,2,Logistic_L2,WA_clean
13,0.8855389642139522,1.0,1,2,Logistic_L2,WA_clean
14,0.9469515291985227,1.0,1,2,Logistic_L2,WA_clean
0,0.023343425042857236,0.0,6,2,Logistic_L2,WI_prevalence_shift
1,0.08560088231394818,0.3333333333333333,3,2,Logistic_L2,WI_prevalence_shift
2,0.17568184623243913,0.4,5,2,Logistic_L2,WI_prevalence_shift
3,0.2088296368074975,0.5,2,2,Logistic_L2,WI_prevalence_shift
4,0.28954090390787335,0.5,4,2,Logistic_L2,WI_prevalence_shift
5,0.3618602824293203,0.0,3,2,Logistic_L2,WI_prevalence_shift
6,0.4361869168847614,1.0,2,2,Logistic_L2,WI_prevalence_shift
7,0.4959070452037029,0.3333333333333333,3,2,Logistic_L2,WI_prevalence_shift
8,0.5716090243003845,0.0,6,2,Logistic_L2,WI_prevalence_shift
9,0.6434053507880544,0.42857142857142855,7,2,Logistic_L2,WI_prevalence_shift
10,0.702626890422063,0.3333333333333333,3,2,Logistic_L2,WI_prevalence_shift
11,0.7582281586633077,0.75,4,2,Logistic_L2,WI_prevalence_shift
12,0.8393615354755866,0.5,2,2,Logistic_L2,WI_prevalence_shift
14,0.9469515291985227,1.0,1,2,Logistic_L2,WI_prevalence_shift
1,0.12166666666666667,1.0,1,2,RandomForest,WA_clean
2,0.17541666666666667,0.0,2,2,RandomForest,WA_clean
3,0.2351388888888889,0.3333333333333333,6,2,RandomForest,WA_clean
4,0.29562499999999997,0.0,4,2,RandomForest,WA_clean
5,0.3634259259259259,0.3333333333333333,9,2,RandomForest,WA_clean
6,0.4335,0.2,5,2,RandomForest,WA_clean
7,0.5158333333333334,1.0,1,2,RandomForest,WA_clean
8,0.5606666666666666,0.8,5,2,RandomForest,WA_clean
9,0.6291666666666667,1.0,7,2,RandomForest,WA_clean
10,0.7001851851851852,0.5555555555555556,9,2,RandomForest,WA_clean
11,0.7783333333333333,0.0,1,2,RandomForest,WA_clean
12,0.8041666666666667,0.0,1,2,RandomForest,WA_clean
1,0.12166666666666667,1.0,1,2,RandomForest,WI_prevalence_shift
2,0.17666666666666667,0.0,2,2,RandomForest,WI_prevalence_shift
3,0.24233333333333337,0.2,5,2,RandomForest,WI_prevalence_shift
4,0.295625,0.0,8,2,RandomForest,WI_prevalence_shift
5,0.35874999999999996,0.16666666666666666,6,2,RandomForest,WI_prevalence_shift
6,0.436547619047619,0.14285714285714285,7,2,RandomForest,WI_prevalence_shift
7,0.5158333333333334,1.0,1,2,RandomForest,WI_prevalence_shift
8,0.5526190476190476,0.42857142857142855,7,2,RandomForest,WI_prevalence_shift
9,0.6288888888888889,1.0,6,2,RandomForest,WI_prevalence_shift
10,0.6970833333333333,0.5,8,2,RandomForest,WI_prevalence_shift
0,0.03543371910645855,0.5,2,3,Logistic_L2,WA_clean
1,0.11270237099241426,0.5,4,3,Logistic_L2,WA_clean
2,0.18291610069286063,0.5,2,3,Logistic_L2,WA_clean
3,0.2355325009903749,0.2857142857142857,7,3,Logistic_L2,WA_clean
4,0.2822426583910549,1.0,1,3,Logistic_L2,WA_clean
5,0.3743570148336645,0.5,6,3,Logistic_L2,WA_clean
6,0.44891796013370466,0.25,4,3,Logistic_L2,WA_clean
7,0.5232282559510278,0.5,2,3,Logistic_L2,WA_clean
8,0.5700806803995129,0.0,5,3,Logistic_L2,WA_clean
9,0.6068772035597244,0.0,1,3,Logistic_L2,WA_clean
10,0.6925003004396011,0.42857142857142855,7,3,Logistic_L2,WA_clean
11,0.7993109848047167,1.0,1,3,Logistic_L2,WA_clean
12,0.8204927543190017,1.0,2,3,Logistic_L2,WA_clean
13,0.8875870829825168,0.6666666666666666,3,3,Logistic_L2,WA_clean
14,0.9687323898912679,1.0,3,3,Logistic_L2,WA_clean
0,0.03543371910645855,0.5,2,3,Logistic_L2,WI_prevalence_shift
1,0.10643571185291298,0.2,5,3,Logistic_L2,WI_prevalence_shift
2,0.18732562195672356,1.0,1,3,Logistic_L2,WI_prevalence_shift
3,0.23046771279908812,0.2222222222222222,9,3,Logistic_L2,WI_prevalence_shift
4,0.2822426583910549,1.0,1,3,Logistic_L2,WI_prevalence_shift
5,0.3782323276483296,0.42857142857142855,7,3,Logistic_L2,WI_prevalence_shift
6,0.44875917616582406,0.14285714285714285,7,3,Logistic_L2,WI_prevalence_shift
7,0.520681574147689,0.0,2,3,Logistic_L2,WI_prevalence_shift
8,0.5827811391389378,0.0,4,3,Logistic_L2,WI_prevalence_shift
10,0.6908160684774789,0.42857142857142855,7,3,Logistic_L2,WI_prevalence_shift
11,0.7993109848047167,1.0,1,3,Logistic_L2,WI_prevalence_shift
12,0.8214764902916609,1.0,1,3,Logistic_L2,WI_prevalence_shift
13,0.8858465037053004,1.0,1,3,Logistic_L2,WI_prevalence_shift
14,0.96188260338092,1.0,2,3,Logistic_L2,WI_prevalence_shift
2,0.15083333333333335,0.0,1,3,RandomForest,WA_clean
3,0.22791666666666666,0.0,4,3,RandomForest,WA_clean
4,0.2967857142857143,0.14285714285714285,7,3,RandomForest,WA_clean
5,0.3622916666666667,0.375,8,3,RandomForest,WA_clean
6,0.4373333333333333,0.8,5,3,RandomForest,WA_clean
7,0.48972222222222217,0.16666666666666666,6,3,RandomForest,WA_clean
8,0.5695238095238094,0.5714285714285714,7,3,RandomForest,WA_clean
9,0.616875,0.75,4,3,RandomForest,WA_clean
10,0.697,0.8,5,3,RandomForest,WA_clean
11,0.7608333333333334,1.0,3,3,RandomForest,WA_clean
2,0.15083333333333335,0.0,2,3,RandomForest,WI_prevalence_shift
3,0.2202777777777778,0.0,3,3,RandomForest,WI_prevalence_shift
4,0.298125,0.25,4,3,RandomForest,WI_prevalence_shift
5,0.36064102564102557,0.23076923076923078,13,3,RandomForest,WI_prevalence_shift
6,0.44125000000000003,1.0,4,3,RandomForest,WI_prevalence_shift
7,0.49719696969696964,0.0,11,3,RandomForest,WI_prevalence_shift
8,0.5706666666666667,0.6,5,3,RandomForest,WI_prevalence_shift
9,0.6216666666666667,0.6666666666666666,3,3,RandomForest,WI_prevalence_shift
10,0.6877777777777778,1.0,3,3,RandomForest,WI_prevalence_shift
11,0.7558333333333334,1.0,2,3,RandomForest,WI_prevalence_shift
0,0.008791615429010032,0.0,1,4,Logistic_L2,WA_clean
1,0.11766970405373885,0.6,5,4,Logistic_L2,WA_clean
2,0.17040920555644212,0.2857142857142857,7,4,Logistic_L2,WA_clean
3,0.24077557604893837,0.3333333333333333,3,4,Logistic_L2,WA_clean
4,0.29727338397148995,0.0,5,4,Logistic_L2,WA_clean
5,0.35927325180239184,0.3333333333333333,3,4,Logistic_L2,WA_clean
6,0.43441917234796584,0.0,3,4,Logistic_L2,WA_clean
7,0.49752993913274757,0.8,5,4,Logistic_L2,WA_clean
8,0.5509274268542813,0.3333333333333333,3,4,Logistic_L2,WA_clean
9,0.6280250324759422,0.8,5,4,Logistic_L2,WA_clean
10,0.6991772890550508,0.5,2,4,Logistic_L2,WA_clean
11,0.7541294570474962,0.3333333333333333,3,4,Logistic_L2,WA_clean
12,0.8336919040994619,1.0,5,4,Logistic_L2,WA_clean
0,0.008791615429010032,0.0,1,4,Logistic_L2,WI_prevalence_shift
1,0.1108580000074385,0.5,4,4,Logistic_L2,WI_prevalence_shift
2,0.16106827279824218,0.14285714285714285,7,4,Logistic_L2,WI_prevalence_shift
3,0.24124283087259626,0.14285714285714285,7,4,Logistic_L2,WI_prevalence_shift
4,0.29398371808249474,0.0,3,4,Logistic_L2,WI_prevalence_shift
5,0.34451924919677146,0.0,2,4,Logistic_L2,WI_prevalence_shift
6,0.4511907251112066,0.0,3,4,Logistic_L2,WI_prevalence_shift
7,0.4953042124560033,0.6,5,4,Logistic_L2,WI_prevalence_shift
8,0.5592137731891004,0.0,3,4,Logistic_L2,WI_prevalence_shift
9,0.6280250324759422,0.8,5,4,Logistic_L2,WI_prevalence_shift
10,0.6703982765328196,1.0,1,4,Logistic_L2,WI_prevalence_shift
11,0.7502119296412506,0.25,4,4,Logistic_L2,WI_prevalence_shift
12,0.8336919040994617,1.0,5,4,Logistic_L2,WI_prevalence_shift
3,0.23249999999999998,0.2,5,4,RandomForest,WA_clean
4,0.30020833333333335,0.125,8,4,RandomForest,WA_clean
5,0.3592857142857143,0.14285714285714285,7,4,RandomForest,WA_clean
6,0.43677083333333333,0.5,8,4,RandomForest,WA_clean
7,0.49111111111111105,0.5,6,4,RandomForest,WA_clean
8,0.5833333333333333,0.75,4,4,RandomForest,WA_clean
9,0.6399166666666666,0.8,10,4,RandomForest,WA_clean
10,0.7016666666666667,1.0,1,4,RandomForest,WA_clean
11,0.7583333333333333,1.0,1,4,RandomForest,WA_clean
3,0.22750000000000004,0.14285714285714285,7,4,RandomForest,WI_prevalence_shift
4,0.29750000000000004,0.08333333333333333,12,4,RandomForest,WI_prevalence_shift
5,0.3516666666666667,0.1111111111111111,9,4,RandomForest,WI_prevalence_shift
6,0.4448809523809524,0.5714285714285714,7,4,RandomForest,WI_prevalence_shift
7,0.47291666666666665,0.5,2,4,RandomForest,WI_prevalence_shift
8,0.5833333333333333,0.75,4,4,RandomForest,WI_prevalence_shift
9,0.6351190476190477,0.7142857142857143,7,4,RandomForest,WI_prevalence_shift
10,0.7016666666666667,1.0,1,4,RandomForest,WI_prevalence_shift
11,0.7583333333333333,1.0,1,4,RandomForest,WI_prevalence_shift
0,0.035093087149760935,0.0,1,5,Logistic_L2,WA_clean
1,0.09692890570222273,0.0,3,5,Logistic_L2,WA_clean
2,0.18031493286375716,0.4,5,5,Logistic_L2,WA_clean
4,0.2918477355003806,0.0,4,5,Logistic_L2,WA_clean
5,0.36415682768070967,0.0,1,5,Logistic_L2,WA_clean
6,0.4253370283606873,0.6,5,5,Logistic_L2,WA_clean
7,0.5067924093667643,0.5,6,5,Logistic_L2,WA_clean
8,0.5772179460562583,0.5,2,5,Logistic_L2,WA_clean
9,0.6348543453333974,0.6666666666666666,6,5,Logistic_L2,WA_clean
10,0.6963765000034189,1.0,4,5,Logistic_L2,WA_clean
11,0.7566734804201165,0.5,2,5,Logistic_L2,WA_clean
12,0.8287463963526154,0.4,5,5,Logistic_L2,WA_clean
13,0.8884580031351851,0.5,2,5,Logistic_L2,WA_clean
14,0.9656238166879051,0.5,4,5,Logistic_L2,WA_clean
0,0.035093087149760935,0.0,1,5,Logistic_L2,WI_prevalence_shift
1,0.0843786820724774,0.0,4,5,Logistic_L2,WI_prevalence_shift
2,0.19387959840079833,0.5,2,5,Logistic_L2,WI_prevalence_shift
4,0.2863317810526985,0.0,9,5,Logistic_L2,WI_prevalence_shift
5,0.36415682768070967,0.0,3,5,Logistic_L2,WI_prevalence_shift
6,0.42591614059687144,0.75,4,5,Logistic_L2,WI_prevalence_shift
7,0.5058640970709929,0.6666666666666666,3,5,Logistic_L2,WI_prevalence_shift
8,0.5772179460562583,0.5,2,5,Logistic_L2,WI_prevalence_shift
9,0.6275513095370708,0.4444444444444444,9,5,Logistic_L2,WI_prevalence_shift
10,0.6963765000034189,1.0,4,5,Logistic_L2,WI_prevalence_shift
11,0.7566734804201165,0.5,2,5,Logistic_L2,WI_prevalence_shift
12,0.8313855168979671,0.3333333333333333,3,5,Logistic_L2,WI_prevalence_shift
14,0.9804864043548398,0.25,4,5,Logistic_L2,WI_prevalence_shift
3,0.24020833333333333,0.5,8,5,RandomForest,WA_clean
4,0.29125,0.0,4,5,RandomForest,WA_clean
5,0.35833333333333334,0.2222222222222222,9,5,RandomForest,WA_clean
6,0.43069444444444444,0.5,6,5,RandomForest,WA_clean
7,0.49892857142857144,0.5714285714285714,7,5,RandomForest,WA_clean
8,0.5684722222222223,0.16666666666666666,6,5,RandomForest,WA_clean
9,0.6386904761904761,0.8571428571428571,7,5,RandomForest,WA_clean
10,0.69,1.0,2,5,RandomForest,WA_clean
11,0.7341666666666666,1.0,1,5,RandomForest,WA_clean
3,0.24013888888888887,0.16666666666666666,12,5,RandomForest,WI_prevalence_shift
4,0.2886111111111111,0.0,6,5,RandomForest,WI_prevalence_shift
5,0.3647619047619048,0.2857142857142857,7,5,RandomForest,WI_prevalence_shift
6,0.42729166666666674,0.75,4,5,RandomForest,WI_prevalence_shift
7,0.5052083333333333,0.75,4,5,RandomForest,WI_prevalence_shift
8,0.5691666666666666,0.1111111111111111,9,5,RandomForest,WI_prevalence_shift
9,0.6394444444444444,0.8333333333333334,6,5,RandomForest,WI_prevalence_shift
10,0.69,1.0,2,5,RandomForest,WI_prevalence_shift
0,0.037985418840225584,1.0,1,6,Logistic_L2,WA_clean
1,0.09869142200066315,0.375,8,6,Logistic_L2,WA_clean
2,0.17243960243600523,0.0,1,6,Logistic_L2,WA_clean
3,0.23396693219058337,0.0,4,6,Logistic_L2,WA_clean
4,0.3019232126007455,0.75,4,6,Logistic_L2,WA_clean
5,0.3691936410699011,1.0,2,6,Logistic_L2,WA_clean
6,0.4438815326107076,0.5,2,6,Logistic_L2,WA_clean
7,0.4954741599690995,0.5,6,6,Logistic_L2,WA_clean
8,0.5705431946705344,0.0,2,6,Logistic_L2,WA_clean
9,0.6266580531462714,0.375,8,6,Logistic_L2,WA_clean
10,0.7066580922821895,0.6666666666666666,3,6,Logistic_L2,WA_clean
11,0.7614691091306257,0.5,4,6,Logistic_L2,WA_clean
12,0.8242249653467819,0.5,4,6,Logistic_L2,WA_clean
13,0.8980333586723307,1.0,1,6,Logistic_L2,WA_clean
14,0.9376854474547166,1.0,1,6,Logistic_L2,WA_clean
0,0.037985418840225584,1.0,1,6,Logistic_L2,WI_prevalence_shift
1,0.09304018022970656,0.4,5,6,Logistic_L2,WI_prevalence_shift
2,0.17243960243600523,0.0,1,6,Logistic_L2,WI_prevalence_shift
3,0.23610184931956696,0.0,4,6,Logistic_L2,WI_prevalence_shift
4,0.3019232126007454,0.75,4,6,Logistic_L2,WI_prevalence_shift
5,0.3937832665402863,1.0,1,6,Logistic_L2,WI_prevalence_shift
6,0.44387223246688856,0.25,4,6,Logistic_L2,WI_prevalence_shift
7,0.5010221455572631,0.3333333333333333,6,6,Logistic_L2,WI_prevalence_shift
8,0.5798581225995303,0.0,3,6,Logistic_L2,WI_prevalence_shift
9,0.6294939686193244,0.25,8,6,Logistic_L2,WI_prevalence_shift
10,0.6971536761306273,1.0,2,6,Logistic_L2,WI_prevalence_shift
11,0.7564399217413366,0.2857142857142857,7,6,Logistic_L2,WI_prevalence_shift
12,0.8154685262115008,0.0,3,6,Logistic_L2,WI_prevalence_shift
13,0.8980333586723307,1.0,1,6,Logistic_L2,WI_prevalence_shift
14,0.9376854474547166,1.0,1,6,Logistic_L2,WI_prevalence_shift
2,0.18250000000000002,0.3333333333333333,3,6,RandomForest,WA_clean
3,0.24916666666666668,0.2,5,6,RandomForest,WA_clean
4,0.29933333333333334,0.2,5,6,RandomForest,WA_clean
5,0.35954545454545456,0.2727272727272727,11,6,RandomForest,WA_clean
6,0.4385,1.0,5,6,RandomForest,WA_clean
7,0.4905555555555556,0.1111111111111111,9,6,RandomForest,WA_clean
8,0.5658333333333333,0.8,5,6,RandomForest,WA_clean
9,0.6304166666666666,1.0,4,6,RandomForest,WA_clean
10,0.6997916666666667,1.0,4,6,RandomForest,WA_clean
2,0.18562499999999998,0.25,4,6,RandomForest,WI_prevalence_shift
3,0.2583333333333333,0.5,2,6,RandomForest,WI_prevalence_shift
4,0.29750000000000004,0.3333333333333333,3,6,RandomForest,WI_prevalence_shift
5,0.3640151515151515,0.18181818181818182,11,6,RandomForest,WI_prevalence_shift
6,0.4385,1.0,5,6,RandomForest,WI_prevalence_shift
7,0.48379629629629634,0.05555555555555555,18,6,RandomForest,WI_prevalence_shift
8,0.5616666666666666,0.0,1,6,RandomForest,WI_prevalence_shift
9,0.6297222222222222,1.0,3,6,RandomForest,WI_prevalence_shift
10,0.6997916666666667,1.0,4,6,RandomForest,WI_prevalence_shift
0,0.04229838756678919,0.6,5,7,Logistic_L2,WA_clean
1,0.08005526857148365,0.0,1,7,Logistic_L2,WA_clean
2,0.15828109699709134,0.0,5,7,Logistic_L2,WA_clean
3,0.22623224500388145,0.8,5,7,Logistic_L2,WA_clean
4,0.2887672777356691,0.5,4,7,Logistic_L2,WA_clean
5,0.36677640407764106,0.5,6,7,Logistic_L2,WA_clean
6,0.4336530700769906,0.5,4,7,Logistic_L2,WA_clean
7,0.4832496471656873,0.0,2,7,Logistic_L2,WA_clean
8,0.5520610945731043,0.0,1,7,Logistic_L2,WA_clean
9,0.6347357365873603,1.0,2,7,Logistic_L2,WA_clean
10,0.7229672650002134,1.0,1,7,Logistic_L2,WA_clean
11,0.7787515932585943,0.4,5,7,Logistic_L2,WA_clean
12,0.8429867514080682,0.4,5,7,Logistic_L2,WA_clean
13,0.9014079952682413,0.6666666666666666,3,7,Logistic_L2,WA_clean
14,0.9665988882621757,0.5,2,7,Logistic_L2,WA_clean
0,0.04229838756678919,0.6,5,7,Logistic_L2,WI_prevalence_shift
1,0.08005526857148365,0.0,1,7,Logistic_L2,WI_prevalence_shift
2,0.15502359538148305,0.0,5,7,Logistic_L2,WI_prevalence_shift
3,0.22814041971702692,0.75,4,7,Logistic_L2,WI_prevalence_shift
4,0.2887672777356691,0.5,4,7,Logistic_L2,WI_prevalence_shift
5,0.3790619206770954,0.3333333333333333,6,7,Logistic_L2,WI_prevalence_shift
6,0.43365307007699067,0.5,4,7,Logistic_L2,WI_prevalence_shift
7,0.47816609011380157,0.0,3,7,Logistic_L2,WI_prevalence_shift
8,0.5520610945731043,0.0,2,7,Logistic_L2,WI_prevalence_shift
10,0.7229672650002134,1.0,1,7,Logistic_L2,WI_prevalence_shift
11,0.7752757797707989,0.3333333333333333,6,7,Logistic_L2,WI_prevalence_shift
12,0.8463165334274033,0.3333333333333333,3,7,Logistic_L2,WI_prevalence_shift
13,0.8984711272011353,0.3333333333333333,6,7,Logistic_L2,WI_prevalence_shift
14,0.9444173477788845,0.0,1,7,Logistic_L2,WI_prevalence_shift
2,0.18583333333333335,1.0,2,7,RandomForest,WA_clean
3,0.22666666666666666,0.4,5,7,RandomForest,WA_clean
4,0.294469696969697,0.2727272727272727,11,7,RandomForest,WA_clean
5,0.35733333333333334,0.0,5,7,RandomForest,WA_clean
6,0.4317857142857142,0.42857142857142855,7,7,RandomForest,WA_clean
7,0.4978125,0.5,8,7,RandomForest,WA_clean
8,0.5715,0.8,5,7,RandomForest,WA_clean
9,0.6466666666666667,1.0,2,7,RandomForest,WA_clean
10,0.6844444444444444,0.3333333333333333,3,7,RandomForest,WA_clean
11,0.7566666666666667,1.0,3,7,RandomForest,WA_clean
2,0.18583333333333335,1.0,2,7,RandomForest,WI_prevalence_shift
3,0.22062500000000002,0.25,4,7,RandomForest,WI_prevalence_shift
4,0.28809523809523807,0.21428571428571427,14,7,RandomForest,WI_prevalence_shift
5,0.35854166666666665,0.0,4,7,RandomForest,WI_prevalence_shift
6,0.44395833333333334,0.5,4,7,RandomForest,WI_prevalence_shift
7,0.5061111111111111,0.3333333333333333,12,7,RandomForest,WI_prevalence_shift
8,0.5766666666666667,0.75,4,7,RandomForest,WI_prevalence_shift
9,0.6466666666666667,1.0,2,7,RandomForest,WI_prevalence_shift
10,0.6816666666666666,0.0,4,7,RandomForest,WI_prevalence_shift
11,0.735,1.0,1,7,RandomForest,WI_prevalence_shift
0,0.010727202535027694,0.0,1,8,Logistic_L2,WA_clean
1,0.09305475278811036,0.0,3,8,Logistic_L2,WA_clean
2,0.15333447465583339,0.6666666666666666,3,8,Logistic_L2,WA_clean
3,0.22451496611749744,0.0,2,8,Logistic_L2,WA_clean
4,0.32104240817729274,0.75,4,8,Logistic_L2,WA_clean
5,0.36239377022909336,0.0,4,8,Logistic_L2,WA_clean
6,0.43945416123729325,0.3333333333333333,6,8,Logistic_L2,WA_clean
7,0.5001964290279866,0.6,5,8,Logistic_L2,WA_clean
8,0.5523477589717907,0.5,8,8,Logistic_L2,WA_clean
9,0.6339350291524254,0.6666666666666666,3,8,Logistic_L2,WA_clean
10,0.7000845642640363,0.6,5,8,Logistic_L2,WA_clean
11,0.7690362421672985,0.8,5,8,Logistic_L2,WA_clean
12,0.832763354057227,0.0,1,8,Logistic_L2,WA_clean
0,0.010727202535027694,0.0,4,8,Logistic_L2,WI_prevalence_shift
1,0.09305475278811037,0.0,3,8,Logistic_L2,WI_prevalence_shift
2,0.14489336863765656,1.0,1,8,Logistic_L2,WI_prevalence_shift
3,0.24840284604340476,0.0,1,8,Logistic_L2,WI_prevalence_shift
4,0.31695577850766393,0.5,2,8,Logistic_L2,WI_prevalence_shift
5,0.3585726782000027,0.0,3,8,Logistic_L2,WI_prevalence_shift
6,0.45664483992305827,0.16666666666666666,6,8,Logistic_L2,WI_prevalence_shift
7,0.4986498714173598,0.5,6,8,Logistic_L2,WI_prevalence_shift
8,0.5516284689556882,0.4444444444444444,9,8,Logistic_L2,WI_prevalence_shift
9,0.6207172341822597,0.3333333333333333,3,8,Logistic_L2,WI_prevalence_shift
10,0.7048718674532484,0.6,5,8,Logistic_L2,WI_prevalence_shift
11,0.7671335811710038,0.5714285714285714,7,8,Logistic_L2,WI_prevalence_shift
2,0.19,0.0,1,8,RandomForest,WA_clean
3,0.22944444444444445,0.0,3,8,RandomForest,WA_clean
4,0.29666666666666663,0.0,4,8,RandomForest,WA_clean
5,0.37216666666666665,0.4,5,8,RandomForest,WA_clean
6,0.42992424242424243,0.36363636363636365,11,8,RandomForest,WA_clean
7,0.49007575757575766,0.6363636363636364,11,8,RandomForest,WA_clean
8,0.5433333333333333,0.5,2,8,RandomForest,WA_clean
9,0.6205555555555556,0.6666666666666666,6,8,RandomForest,WA_clean
10,0.6883333333333334,0.6,5,8,RandomForest,WA_clean
11,0.7833333333333333,1.0,2,8,RandomForest,WA_clean
2,0.19,0.0,2,8,RandomForest,WI_prevalence_shift
3,0.23083333333333333,0.0,2,8,RandomForest,WI_prevalence_shift
4,0.2945833333333333,0.0,2,8,RandomForest,WI_prevalence_shift
5,0.36541666666666667,0.5,2,8,RandomForest,WI_prevalence_shift
6,0.4268137254901961,0.23529411764705882,17,8,RandomForest,WI_prevalence_shift
7,0.4867424242424242,0.36363636363636365,11,8,RandomForest,WI_prevalence_shift
8,0.5419444444444445,0.3333333333333333,3,8,RandomForest,WI_prevalence_shift
9,0.6139583333333334,1.0,4,8,RandomForest,WI_prevalence_shift
10,0.6806666666666665,0.4,5,8,RandomForest,WI_prevalence_shift
11,0.7833333333333333,1.0,2,8,RandomForest,WI_prevalence_shift
0,0.011741224544951065,0.0,1,9,Logistic_L2,WA_clean
1,0.10358261217707743,0.4,5,9,Logistic_L2,WA_clean
2,0.1605221596617054,0.25,4,9,Logistic_L2,WA_clean
3,0.22184128105271825,0.5,6,9,Logistic_L2,WA_clean
4,0.30694268045944734,0.5,2,9,Logistic_L2,WA_clean
5,0.36536424009392826,0.25,4,9,Logistic_L2,WA_clean
6,0.4372720941265834,0.5,2,9,Logistic_L2,WA_clean
7,0.49892315071951737,0.0,7,9,Logistic_L2,WA_clean
8,0.5566813851882513,1.0,1,9,Logistic_L2,WA_clean
9,0.6241047781833667,1.0,3,9,Logistic_L2,WA_clean
10,0.6956038966328397,0.5,2,9,Logistic_L2,WA_clean
12,0.8321725468699732,0.625,8,9,Logistic_L2,WA_clean
13,0.8982623890065462,1.0,1,9,Logistic_L2,WA_clean
14,0.9624371272064974,0.75,4,9,Logistic_L2,WA_clean
1,0.09868424049414189,0.5,4,9,Logistic_L2,WI_prevalence_shift
2,0.15647390384500218,0.2,5,9,Logistic_L2,WI_prevalence_shift
3,0.22418022253416933,0.3333333333333333,6,9,Logistic_L2,WI_prevalence_shift
4,0.30694268045944734,0.5,2,9,Logistic_L2,WI_prevalence_shift
5,0.351059800057558,0.0,3,9,Logistic_L2,WI_prevalence_shift
6,0.43929098142911566,0.3333333333333333,3,9,Logistic_L2,WI_prevalence_shift
7,0.49765937175064,0.0,11,9,Logistic_L2,WI_prevalence_shift
9,0.6121027508253347,1.0,2,9,Logistic_L2,WI_prevalence_shift
10,0.6956038966328397,0.5,2,9,Logistic_L2,WI_prevalence_shift
12,0.8317843061197723,0.5714285714285714,7,9,Logistic_L2,WI_prevalence_shift
13,0.8982623890065462,1.0,1,9,Logistic_L2,WI_prevalence_shift
14,0.9624371272064974,0.75,4,9,Logistic_L2,WI_prevalence_shift
2,0.17083333333333334,0.0,2,9,RandomForest,WA_clean
3,0.24154761904761907,0.5714285714285714,7,9,RandomForest,WA_clean
4,0.30333333333333334,0.6,5,9,RandomForest,WA_clean
5,0.36516666666666664,0.2,5,9,RandomForest,WA_clean
6,0.4301190476190476,0.2857142857142857,7,9,RandomForest,WA_clean
7,0.5105555555555555,0.3333333333333333,6,9,RandomForest,WA_clean
8,0.5568749999999999,0.5,4,9,RandomForest,WA_clean
9,0.6366666666666667,0.7142857142857143,7,9,RandomForest,WA_clean
10,0.6888888888888888,0.3333333333333333,3,9,RandomForest,WA_clean
11,0.7483333333333334,0.6666666666666666,3,9,RandomForest,WA_clean
12,0.8066666666666666,1.0,1,9,RandomForest,WA_clean
2,0.17083333333333334,0.0,2,9,RandomForest,WI_prevalence_shift
3,0.24600000000000005,0.4,10,9,RandomForest,WI_prevalence_shift
4,0.3145833333333333,0.25,4,9,RandomForest,WI_prevalence_shift
5,0.36611111111111105,0.16666666666666666,6,9,RandomForest,WI_prevalence_shift
6,0.4298611111111111,0.3333333333333333,6,9,RandomForest,WI_prevalence_shift
7,0.5142857142857143,0.2857142857142857,7,9,RandomForest,WI_prevalence_shift
8,0.5521666666666667,0.4,5,9,RandomForest,WI_prevalence_shift
9,0.6326388888888889,0.6666666666666666,6,9,RandomForest,WI_prevalence_shift
10,0.6888888888888888,0.3333333333333333,3,9,RandomForest,WI_prevalence_shift
11,0.7508333333333334,1.0,1,9,RandomForest,WI_prevalence_shift
0,0.05059369035741907,0.5,4,10,Logistic_L2,WA_clean
1,0.10220779831673073,0.25,4,10,Logistic_L2,WA_clean
2,0.1483587453155162,1.0,1,10,Logistic_L2,WA_clean
3,0.22337515309288858,0.1111111111111111,9,10,Logistic_L2,WA_clean
4,0.3071257849165449,1.0,6,10,Logistic_L2,WA_clean
5,0.37885999994713554,1.0,1,10,Logistic_L2,WA_clean
6,0.41776592723170125,0.0,2,10,Logistic_L2,WA_clean
7,0.47245929989625185,0.0,1,10,Logistic_L2,WA_clean
8,0.5537966260133917,1.0,3,10,Logistic_L2,WA_clean
9,0.6355374785817176,0.0,2,10,Logistic_L2,WA_clean
10,0.697868285475287,0.5,6,10,Logistic_L2,WA_clean
11,0.7482461553576276,0.25,4,10,Logistic_L2,WA_clean
12,0.8197084684384813,0.0,2,10,Logistic_L2,WA_clean
13,0.8970171274472214,0.75,4,10,Logistic_L2,WA_clean
14,0.9488366716842457,1.0,1,10,Logistic_L2,WA_clean
0,0.050779931842096886,0.3333333333333333,3,10,Logistic_L2,WI_prevalence_shift
1,0.0982496947348674,0.25,4,10,Logistic_L2,WI_prevalence_shift
3,0.22052615051514132,0.06666666666666667,15,10,Logistic_L2,WI_prevalence_shift
4,0.30597402360954445,1.0,5,10,Logistic_L2,WI_prevalence_shift
5,0.37885999994713554,1.0,1,10,Logistic_L2,WI_prevalence_shift
7,0.47245929989625185,0.0,2,10,Logistic_L2,WI_prevalence_shift
8,0.5526759771384115,1.0,2,10,Logistic_L2,WI_prevalence_shift
9,0.6355374785817176,0.0,2,10,Logistic_L2,WI_prevalence_shift
10,0.7052805548861306,0.6666666666666666,3,10,Logistic_L2,WI_prevalence_shift
11,0.7487079637545587,0.14285714285714285,7,10,Logistic_L2,WI_prevalence_shift
12,0.8233451019884165,0.0,1,10,Logistic_L2,WI_prevalence_shift
13,0.8970171274472214,0.75,4,10,Logistic_L2,WI_prevalence_shift
14,0.9488366716842457,1.0,1,10,Logistic_L2,WI_prevalence_shift
2,0.19666666666666666,0.0,1,10,RandomForest,WA_clean
3,0.24458333333333332,0.0,4,10,RandomForest,WA_clean
4,0.31124999999999997,0.3333333333333333,6,10,RandomForest,WA_clean
5,0.3753333333333334,0.0,5,10,RandomForest,WA_clean
6,0.445625,0.0,4,10,RandomForest,WA_clean
7,0.4993333333333333,0.4,5,10,RandomForest,WA_clean
8,0.5709375000000001,0.625,8,10,RandomForest,WA_clean
9,0.6316666666666667,0.8571428571428571,7,10,RandomForest,WA_clean
10,0.6853125,0.75,8,10,RandomForest,WA_clean
11,0.7475,1.0,2,10,RandomForest,WA_clean
3,0.23791666666666667,0.0,4,10,RandomForest,WI_prevalence_shift
4,0.309375,0.5,4,10,RandomForest,WI_prevalence_shift
5,0.3730555555555556,0.0,9,10,RandomForest,WI_prevalence_shift
6,0.44821428571428573,0.0,7,10,RandomForest,WI_prevalence_shift
7,0.5155555555555555,0.6666666666666666,3,10,RandomForest,WI_prevalence_shift
8,0.5748809523809524,0.42857142857142855,7,10,RandomForest,WI_prevalence_shift
9,0.6308333333333334,0.625,8,10,RandomForest,WI_prevalence_shift
10,0.6815476190476192,0.7142857142857143,7,10,RandomForest,WI_prevalence_shift
11,0.7525,1.0,1,10,RandomForest,WI_prevalence_shift
0,0.0480850117622785,0.5,2,11,Logistic_L2,WA_clean
1,0.11039070317643965,0.5,4,11,Logistic_L2,WA_clean
2,0.16161478095158585,0.3333333333333333,6,11,Logistic_L2,WA_clean
3,0.24237356666328091,0.3333333333333333,3,11,Logistic_L2,WA_clean
4,0.3117779927095948,0.5,2,11,Logistic_L2,WA_clean
5,0.35925468621562384,0.5,4,11,Logistic_L2,WA_clean
6,0.455552416471636,1.0,2,11,Logistic_L2,WA_clean
7,0.4921373301530774,0.3333333333333333,6,11,Logistic_L2,WA_clean
8,0.5799976862255575,0.6666666666666666,3,11,Logistic_L2,WA_clean
9,0.6386984225793253,0.25,4,11,Logistic_L2,WA_clean
10,0.7123373326101876,0.3333333333333333,3,11,Logistic_L2,WA_clean
11,0.7599819730958672,0.5,4,11,Logistic_L2,WA_clean
12,0.8363282474407369,0.6666666666666666,3,11,Logistic_L2,WA_clean
13,0.8871814365137202,0.75,4,11,Logistic_L2,WA_clean
14,0.9553657021789795,0.0,1,11,Logistic_L2,WA_clean
1,0.10808751075550921,0.5,2,11,Logistic_L2,WI_prevalence_shift
2,0.15699431181475276,0.25,8,11,Logistic_L2,WI_prevalence_shift
3,0.22299573697446107,1.0,1,11,Logistic_L2,WI_prevalence_shift
4,0.308910522915673,1.0,1,11,Logistic_L2,WI_prevalence_shift
5,0.3533225633003279,0.2857142857142857,7,11,Logistic_L2,WI_prevalence_shift
6,0.455552416471636,1.0,2,11,Logistic_L2,WI_prevalence_shift
7,0.5008892216380673,0.2857142857142857,7,11,Logistic_L2,WI_prevalence_shift
8,0.5799976862255575,0.6666666666666666,3,11,Logistic_L2,WI_prevalence_shift
9,0.6408875089921748,0.0,4,11,Logistic_L2,WI_prevalence_shift
10,0.7101981166377783,0.16666666666666666,6,11,Logistic_L2,WI_prevalence_shift
11,0.7597126416557298,0.2,5,11,Logistic_L2,WI_prevalence_shift
12,0.8363282474407369,0.6666666666666666,3,11,Logistic_L2,WI_prevalence_shift
13,0.8813671695392677,0.5,2,11,Logistic_L2,WI_prevalence_shift
2,0.19208333333333333,0.0,2,11,RandomForest,WA_clean
3,0.21958333333333332,0.5,4,11,RandomForest,WA_clean
4,0.3005555555555556,0.3333333333333333,9,11,RandomForest,WA_clean
5,0.371875,0.125,8,11,RandomForest,WA_clean
6,0.4405555555555556,0.3333333333333333,3,11,RandomForest,WA_clean
7,0.49916666666666665,0.75,4,11,RandomForest,WA_clean
8,0.5654166666666667,0.75,4,11,RandomForest,WA_clean
9,0.6289583333333333,1.0,4,11,RandomForest,WA_clean
10,0.6992424242424243,0.5454545454545454,11,11,RandomForest,WA_clean
11,0.7366666666666666,0.5,2,11,RandomForest,WA_clean
2,0.18666666666666668,0.0,3,11,RandomForest,WI_prevalence_shift
3,0.21749999999999997,0.4,5,11,RandomForest,WI_prevalence_shift
4,0.2975,0.25,4,11,RandomForest,WI_prevalence_shift
5,0.3705128205128205,0.07692307692307693,13,11,RandomForest,WI_prevalence_shift
6,0.4420833333333334,0.5,2,11,RandomForest,WI_prevalence_shift
7,0.4991666666666667,0.75,4,11,RandomForest,WI_prevalence_shift
8,0.5761111111111111,0.6666666666666666,3,11,RandomForest,WI_prevalence_shift
9,0.6245833333333333,1.0,2,11,RandomForest,WI_prevalence_shift
10,0.6953205128205128,0.38461538461538464,13,11,RandomForest,WI_prevalence_shift
11,0.7366666666666666,0.5,2,11,RandomForest,WI_prevalence_shift
0,0.04976868113472758,0.5,6,12,Logistic_L2,WA_clean
1,0.08101967042438037,1.0,1,12,Logistic_L2,WA_clean
2,0.17498934172352199,0.4,5,12,Logistic_L2,WA_clean
3,0.2350503905390943,0.5,4,12,Logistic_L2,WA_clean
4,0.2958479408218843,0.5,4,12,Logistic_L2,WA_clean
5,0.3646754738555093,0.0,6,12,Logistic_L2,WA_clean
6,0.4298852982655811,0.6,5,12,Logistic_L2,WA_clean
7,0.48919395552334854,0.5,2,12,Logistic_L2,WA_clean
8,0.554295400259151,0.4,5,12,Logistic_L2,WA_clean
9,0.6297625969644526,0.75,4,12,Logistic_L2,WA_clean
10,0.6973677220765042,1.0,2,12,Logistic_L2,WA_clean
11,0.7557691277736891,0.5,2,12,Logistic_L2,WA_clean
12,0.8263407467760724,0.5,2,12,Logistic_L2,WA_clean
13,0.9075320636319818,0.0,2,12,Logistic_L2,WA_clean
14,0.9798189588292764,1.0,1,12,Logistic_L2,WA_clean
0,0.049759682335681836,0.16666666666666666,6,12,Logistic_L2,WI_prevalence_shift
1,0.08101967042438037,1.0,1,12,Logistic_L2,WI_prevalence_shift
2,0.1772900855444033,0.25,4,12,Logistic_L2,WI_prevalence_shift
3,0.22636848164427295,0.14285714285714285,7,12,Logistic_L2,WI_prevalence_shift
4,0.29617174603761554,0.4,5,12,Logistic_L2,WI_prevalence_shift
5,0.3627092215705657,0.0,6,12,Logistic_L2,WI_prevalence_shift
6,0.4263971186138838,0.5,6,12,Logistic_L2,WI_prevalence_shift
7,0.4683588675476518,1.0,1,12,Logistic_L2,WI_prevalence_shift
8,0.5506661304566705,0.0,4,12,Logistic_L2,WI_prevalence_shift
9,0.6198658681143002,1.0,3,12,Logistic_L2,WI_prevalence_shift
10,0.6973677220765042,1.0,2,12,Logistic_L2,WI_prevalence_shift
11,0.7515764932190504,1.0,1,12,Logistic_L2,WI_prevalence_shift
12,0.8263407467760724,0.5,2,12,Logistic_L2,WI_prevalence_shift
13,0.8827537134615489,0.0,2,12,Logistic_L2,WI_prevalence_shift
14,0.9798189588292764,1.0,1,12,Logistic_L2,WI_prevalence_shift
2,0.19416666666666665,0.0,1,12,RandomForest,WA_clean
3,0.23875000000000002,0.0,2,12,RandomForest,WA_clean
4,0.29303030303030303,0.18181818181818182,11,12,RandomForest,WA_clean
5,0.36833333333333335,0.7142857142857143,7,12,RandomForest,WA_clean
6,0.42777777777777776,0.4444444444444444,9,12,RandomForest,WA_clean
7,0.49924999999999997,0.6,10,12,RandomForest,WA_clean
8,0.5594444444444445,0.5,6,12,RandomForest,WA_clean
9,0.6466666666666666,1.0,1,12,RandomForest,WA_clean
10,0.6854166666666667,1.0,2,12,RandomForest,WA_clean
11,0.7779166666666666,0.5,2,12,RandomForest,WA_clean
3,0.23805555555555558,0.0,3,12,RandomForest,WI_prevalence_shift
4,0.29044444444444445,0.13333333333333333,15,12,RandomForest,WI_prevalence_shift
5,0.35649999999999993,0.4,5,12,RandomForest,WI_prevalence_shift
6,0.4341666666666667,0.3,10,12,RandomForest,WI_prevalence_shift
7,0.5072222222222222,0.4444444444444444,9,12,RandomForest,WI_prevalence_shift
8,0.5519999999999999,0.6,5,12,RandomForest,WI_prevalence_shift
9,0.6466666666666666,1.0,1,12,RandomForest,WI_prevalence_shift
10,0.6854166666666667,1.0,2,12,RandomForest,WI_prevalence_shift
11,0.7791666666666667,1.0,1,12,RandomForest,WI_prevalence_shift
0,0.000700848869820282,0.0,1,13,Logistic_L2,WA_clean
1,0.10411754800447762,0.3333333333333333,9,13,Logistic_L2,WA_clean
2,0.1836212287336426,0.3333333333333333,3,13,Logistic_L2,WA_clean
3,0.2461044905076295,0.5714285714285714,7,13,Logistic_L2,WA_clean
4,0.2899918406459219,0.5,6,13,Logistic_L2,WA_clean
5,0.35961032260373127,0.42857142857142855,7,13,Logistic_L2,WA_clean
6,0.45125862245919646,0.5,2,13,Logistic_L2,WA_clean
7,0.4958802077793886,0.75,4,13,Logistic_L2,WA_clean
8,0.535445298669368,1.0,1,13,Logistic_L2,WA_clean
9,0.6572880975140551,1.0,1,13,Logistic_L2,WA_clean
10,0.6997607052211801,0.25,4,13,Logistic_L2,WA_clean
11,0.764683972444783,0.0,2,13,Logistic_L2,WA_clean
12,0.8406791387417817,0.6666666666666666,3,13,Logistic_L2,WA_clean
1,0.10453797742302863,0.23076923076923078,13,13,Logistic_L2,WI_prevalence_shift
2,0.18124539142413812,0.14285714285714285,7,13,Logistic_L2,WI_prevalence_shift
3,0.24628442692831182,0.6,5,13,Logistic_L2,WI_prevalence_shift
4,0.2944525864585492,0.4,5,13,Logistic_L2,WI_prevalence_shift
5,0.35719387517069867,0.42857142857142855,7,13,Logistic_L2,WI_prevalence_shift
6,0.44985437631897884,0.3333333333333333,3,13,Logistic_L2,WI_prevalence_shift
7,0.5017657066291209,1.0,3,13,Logistic_L2,WI_prevalence_shift
8,0.535445298669368,1.0,1,13,Logistic_L2,WI_prevalence_shift
9,0.6572880975140551,1.0,1,13,Logistic_L2,WI_prevalence_shift
10,0.7019024678398059,0.0,3,13,Logistic_L2,WI_prevalence_shift
11,0.7955577739264177,0.0,2,13,Logistic_L2,WI_prevalence_shift
2,0.16416666666666666,0.0,1,13,RandomForest,WA_clean
3,0.2348333333333333,0.2,5,13,RandomForest,WA_clean
4,0.29009259259259257,0.2222222222222222,9,13,RandomForest,WA_clean
5,0.35858333333333337,0.1,10,13,RandomForest,WA_clean
6,0.435,0.6666666666666666,6,13,RandomForest,WA_clean
7,0.49819444444444444,0.6666666666666666,6,13,RandomForest,WA_clean
8,0.5527083333333334,1.0,4,13,RandomForest,WA_clean
9,0.621,0.8,5,13,RandomForest,WA_clean
10,0.6958333333333333,1.0,1,13,RandomForest,WA_clean
11,0.7491666666666668,0.5,2,13,RandomForest,WA_clean
12,0.8091666666666667,1.0,1,13,RandomForest,WA_clean
3,0.23490740740740743,0.1111111111111111,9,13,RandomForest,WI_prevalence_shift
4,0.2856481481481482,0.1111111111111111,9,13,RandomForest,WI_prevalence_shift
5,0.36154761904761906,0.14285714285714285,7,13,RandomForest,WI_prevalence_shift
6,0.42833333333333334,0.42857142857142855,7,13,RandomForest,WI_prevalence_shift
7,0.4923611111111111,0.5,6,13,RandomForest,WI_prevalence_shift
8,0.5527083333333334,1.0,4,13,RandomForest,WI_prevalence_shift
9,0.624,0.6,5,13,RandomForest,WI_prevalence_shift
10,0.6958333333333333,1.0,1,13,RandomForest,WI_prevalence_shift
11,0.7491666666666668,0.5,2,13,RandomForest,WI_prevalence_shift
0,0.03390733765060867,1.0,1,14,Logistic_L2,WA_clean
1,0.10254470854538904,0.25,4,14,Logistic_L2,WA_clean
2,0.16843701778649028,0.2,5,14,Logistic_L2,WA_clean
3,0.24524694688944157,0.6666666666666666,3,14,Logistic_L2,WA_clean
4,0.3159651079044196,0.5,2,14,Logistic_L2,WA_clean
5,0.35930762106893555,0.5,2,14,Logistic_L2,WA_clean
6,0.4424103693369332,0.0,4,14,Logistic_L2,WA_clean
7,0.47473410530042626,0.0,2,14,Logistic_L2,WA_clean
8,0.5760605189003727,0.8,5,14,Logistic_L2,WA_clean
9,0.631361593813144,0.5,2,14,Logistic_L2,WA_clean
10,0.7032680752695255,0.2857142857142857,7,14,Logistic_L2,WA_clean
11,0.7757564425541483,0.6666666666666666,6,14,Logistic_L2,WA_clean
13,0.9193657698182883,0.6666666666666666,3,14,Logistic_L2,WA_clean
14,0.954637369710219,0.75,4,14,Logistic_L2,WA_clean
1,0.1041605817644762,0.1111111111111111,9,14,Logistic_L2,WI_prevalence_shift
2,0.16926697622594722,0.0,6,14,Logistic_L2,WI_prevalence_shift
3,0.24494449815864944,0.5,2,14,Logistic_L2,WI_prevalence_shift
4,0.319465329132848,1.0,1,14,Logistic_L2,WI_prevalence_shift
5,0.35930762106893555,0.5,2,14,Logistic_L2,WI_prevalence_shift
6,0.4388314862414709,0.0,5,14,Logistic_L2,WI_prevalence_shift
7,0.47473410530042626,0.0,2,14,Logistic_L2,WI_prevalence_shift
8,0.5701379303674794,1.0,4,14,Logistic_L2,WI_prevalence_shift
9,0.6007068736857613,1.0,1,14,Logistic_L2,WI_prevalence_shift
10,0.7145756833852178,0.14285714285714285,7,14,Logistic_L2,WI_prevalence_shift
11,0.7694140139049668,0.6666666666666666,6,14,Logistic_L2,WI_prevalence_shift
13,0.9286690576444478,1.0,2,14,Logistic_L2,WI_prevalence_shift
14,0.9565004232839613,0.6666666666666666,3,14,Logistic_L2,WI_prevalence_shift
2,0.18083333333333335,1.0,1,14,RandomForest,WA_clean
3,0.23166666666666666,0.0,2,14,RandomForest,WA_clean
4,0.29541666666666666,0.25,8,14,RandomForest,WA_clean
5,0.36802083333333335,0.25,8,14,RandomForest,WA_clean
6,0.4276190476190476,0.42857142857142855,7,14,RandomForest,WA_clean
7,0.4906666666666667,0.3,10,14,RandomForest,WA_clean
8,0.5803333333333334,0.8,5,14,RandomForest,WA_clean
9,0.6152777777777778,1.0,3,14,RandomForest,WA_clean
10,0.6931944444444444,0.8333333333333334,6,14,RandomForest,WA_clean
2,0.18083333333333335,1.0,1,14,RandomForest,WI_prevalence_shift
3,0.21833333333333332,0.0,1,14,RandomForest,WI_prevalence_shift
4,0.30208333333333337,0.125,8,14,RandomForest,WI_prevalence_shift
5,0.36324074074074075,0.1111111111111111,9,14,RandomForest,WI_prevalence_shift
6,0.4244444444444444,0.5,6,14,RandomForest,WI_prevalence_shift
7,0.48512820512820526,0.23076923076923078,13,14,RandomForest,WI_prevalence_shift
8,0.5801388888888889,0.5,6,14,RandomForest,WI_prevalence_shift
9,0.6166666666666667,1.0,2,14,RandomForest,WI_prevalence_shift
10,0.6885416666666666,1.0,4,14,RandomForest,WI_prevalence_shift
0,0.03925725558410666,0.0,2,15,Logistic_L2,WA_clean
1,0.08158253148086503,0.5,2,15,Logistic_L2,WA_clean
2,0.17798806750063026,0.25,4,15,Logistic_L2,WA_clean
3,0.23098357690398563,0.3333333333333333,3,15,Logistic_L2,WA_clean
4,0.3247773912548359,0.0,3,15,Logistic_L2,WA_clean
5,0.36338455432054284,0.2,5,15,Logistic_L2,WA_clean
6,0.42880741259265026,0.5,4,15,Logistic_L2,WA_clean
7,0.48986767584841884,0.2,5,15,Logistic_L2,WA_clean
8,0.5783909177146009,0.6666666666666666,3,15,Logistic_L2,WA_clean
9,0.6170671432989894,0.5,2,15,Logistic_L2,WA_clean
10,0.6957431544506242,0.75,4,15,Logistic_L2,WA_clean
11,0.7577089817480942,1.0,4,15,Logistic_L2,WA_clean
12,0.8412001409945423,0.6666666666666666,3,15,Logistic_L2,WA_clean
13,0.8817430349004657,0.6666666666666666,3,15,Logistic_L2,WA_clean
14,0.9507911949523927,0.6666666666666666,3,15,Logistic_L2,WA_clean
0,0.06055286277889298,0.0,2,15,Logistic_L2,WI_prevalence_shift
1,0.077162048933564,0.3333333333333333,3,15,Logistic_L2,WI_prevalence_shift
2,0.18793639258681477,0.0,5,15,Logistic_L2,WI_prevalence_shift
3,0.2309835769039856,0.3333333333333333,3,15,Logistic_L2,WI_prevalence_shift
4,0.3250342633869375,0.0,2,15,Logistic_L2,WI_prevalence_shift
5,0.3801119061454918,0.0,3,15,Logistic_L2,WI_prevalence_shift
6,0.42880741259265026,0.5,4,15,Logistic_L2,WI_prevalence_shift
7,0.5044138318908723,0.0,6,15,Logistic_L2,WI_prevalence_shift
8,0.5512708123816172,1.0,1,15,Logistic_L2,WI_prevalence_shift
9,0.6170671432989894,0.5,2,15,Logistic_L2,WI_prevalence_shift
10,0.6980980663590138,0.5,6,15,Logistic_L2,WI_prevalence_shift
11,0.7577089817480942,1.0,4,15,Logistic_L2,WI_prevalence_shift
12,0.8412001409945423,0.6666666666666666,3,15,Logistic_L2,WI_prevalence_shift
13,0.879718478718755,0.5,2,15,Logistic_L2,WI_prevalence_shift
14,0.9475155004989229,0.5,4,15,Logistic_L2,WI_prevalence_shift
3,0.2540277777777778,0.0,6,15,RandomForest,WA_clean
4,0.2941666666666667,0.0,2,15,RandomForest,WA_clean
5,0.36953703703703705,0.2222222222222222,9,15,RandomForest,WA_clean
6,0.4321666666666667,0.2,5,15,RandomForest,WA_clean
7,0.49,0.5,6,15,RandomForest,WA_clean
8,0.5640277777777777,0.8333333333333334,6,15,RandomForest,WA_clean
9,0.6430208333333334,0.75,8,15,RandomForest,WA_clean
10,0.700138888888889,0.6666666666666666,6,15,RandomForest,WA_clean
11,0.75125,1.0,2,15,RandomForest,WA_clean
3,0.25321428571428567,0.0,7,15,RandomForest,WI_prevalence_shift
4,0.29333333333333333,0.0,1,15,RandomForest,WI_prevalence_shift
5,0.3612121212121212,0.09090909090909091,11,15,RandomForest,WI_prevalence_shift
6,0.43216666666666664,0.2,5,15,RandomForest,WI_prevalence_shift
7,0.49273809523809525,0.42857142857142855,7,15,RandomForest,WI_prevalence_shift
8,0.5622222222222223,0.5,6,15,RandomForest,WI_prevalence_shift
9,0.6428571428571429,0.7142857142857143,7,15,RandomForest,WI_prevalence_shift
10,0.6996666666666667,0.8,5,15,RandomForest,WI_prevalence_shift
11,0.7641666666666667,1.0,1,15,RandomForest,WI_prevalence_shift
